"ID","Orden","Fase","Módulo","Nivel","Semana sugerida","Lección","Tema","Objetivo de aprendizaje","Conceptos clave","Ejercicio guiado","Tarea / Entregable","Proyecto asociado","Herramientas","Duración clase (h)","Práctica sugerida (h)","Prioridad","Estado"
"UNE2D01","1","Diplomado UneWeb","Programación Full Stack con Python e IA","Nivel 2 — HTML5 y CSS3 Nivel I","Agosto 2026 · Día 1","1","Clase diaria 1: Bienvenida, ruta del nivel y preparación del entorno","Conocer los objetivos del Nivel 2, organizar el trabajo del mes y preparar el entorno antes de programar.","Temario oficial, prácticas P1–P5, Visual Studio Code, estructura de carpetas y navegador","Crear y abrir en Visual Studio Code la carpeta del proyecto del Nivel 2.","Dejar lista la estructura de carpetas y escribir una breve meta personal para agosto.","Landing page estática","HTML5, CSS3, VS Code, navegador","1,5","1,","Alta","Completado"
"UNE2D02","2","Diplomado UneWeb","Programación Full Stack con Python e IA","Nivel 2 — HTML5 y CSS3 Nivel I","Agosto 2026 · Día 2","2","Clase diaria 2: Configuración del entorno y estructura mínima de HTML5","Comprender y aplicar el fundamento del día antes de avanzar.","Configuración del entorno y estructura mínima de HTML5","Ejercicio guiado en Visual Studio Code.","Tarea independiente y preguntas de comprobación.","Landing page estática","HTML5, CSS3, VS Code, navegador","1,5","1,","Alta","Completado"
"UNE2D03","3","Diplomado UneWeb","Programación Full Stack con Python e IA","Nivel 2 — HTML5 y CSS3 Nivel I","Agosto 2026 · Día 3","3","Clase diaria 3: Etiquetas de encabezado, párrafos y comentarios","Comprender y aplicar el fundamento del día antes de avanzar.","Etiquetas de encabezado, párrafos y comentarios","Ejercicio guiado en Visual Studio Code.","Tarea independiente y preguntas de comprobación.","Landing page estática","HTML5, CSS3, VS Code, navegador","1,5","1,","Alta","Completado"
"UNE2D04","4","Diplomado UneWeb","Programación Full Stack con Python e IA","Nivel 2 — HTML5 y CSS3 Nivel I","Agosto 2026 · Día 4","4","Clase diaria 4 — PRIMERO: refuerzo obligatorio (herramientas, VS Code, rutas, div/p y listas). DESPUÉS: formato de texto y jerarquía semántica básica","PRIMERO, antes de continuar con la clase original: reconocer LibreOffice, MariaDB, OpenJDK y JetBrains; practicar Alt+Z y ! con Emmet; distinguir rutas absolutas y relativas; comparar el comportamiento visual inicial de div y p; y dominar ol, ul y dl. Después, continuar con formato de texto y jerarquía semántica básica.","BLOQUE INICIAL OBLIGATORIO: LibreOffice (Linux), MariaDB, OpenJDK, JetBrains/IntelliJ; VS Code Alt+Z = Word Wrap; ! + Emmet = estructura HTML; ruta absoluta = dirección exacta/completa; ruta relativa = dirección basada en la ubicación actual; div sin margen externo predeterminado y p con margen predeterminado del navegador; listas <ol>, <ul>, <dl>, <dt>, <dd>. Luego: formato de texto y jerarquía semántica básica.","PRIMERO: 1) activar/desactivar Word Wrap con Alt+Z; 2) crear un archivo HTML y usar ! con Emmet; 3) identificar una ruta absoluta y una relativa; 4) comparar dos <div> con dos <p>; 5) reproducir en el navegador: <ul><li>zanahoria</li><li>tomate</li><li>perejil</li><li>naranja</li><li>pasta</li></ul>, luego la misma lista con <ol>, y una <dl> con pares <dt>término</dt><dd>descripción del término</dd>. Solo después continuar con el ejercicio original de la clase.","COMPROBACIÓN OBLIGATORIA ANTES DE AVANZAR: explicar qué hace Alt+Z; qué genera ! en HTML; diferencia entre ruta absoluta y relativa; por qué <p> suele mostrar separación y <div> no por defecto; y para qué sirven <ol>, <ul>, <dl>, <dt> y <dd>. No avanzar al contenido original de UNE2D04 hasta completar este bloque.","Landing page estática","HTML5, CSS3, VS Code, navegador","1,5","1,","Alta","Completado"
"UNE2D05","5","Diplomado UneWeb","Programación Full Stack con Python e IA","Nivel 2 — HTML5 y CSS3 Nivel I","Agosto 2026 · Día 5","5","Clase diaria 5: Enlaces internos, externos y atributos esenciales","Comprender y aplicar el fundamento del día antes de avanzar.","Enlaces internos, externos y atributos esenciales; refuerzo de rutas absolutas y relativas","Crear enlaces internos y externos y, en cada caso, decidir si la ruta es absoluta o relativa. Explicar por qué.","Tarea independiente y preguntas de comprobación.","Landing page estática","HTML5, CSS3, VS Code, navegador","1,5","1,","Alta","Completado"
"UNE2D06","6","Diplomado UneWeb","Programación Full Stack con Python e IA","Nivel 2 — HTML5 y CSS3 Nivel I","Agosto 2026 · Día 6","6","Clase diaria 6: Listas ordenadas, desordenadas y de descripción","Comprender y aplicar el fundamento del día antes de avanzar.","Listas ordenadas <ol>, desordenadas <ul> y de descripción <dl>, con <dt> y <dd>","Rehacer sin copiar la práctica de ingredientes con <ul> y <ol>; crear además una <dl> con términos <dt> y descripciones <dd>, y comprobar cómo se reproduce cada lista en el navegador.","Tarea independiente y preguntas de comprobación.","Landing page estática","HTML5, CSS3, VS Code, navegador","1,5","1,","Alta","Completado"
"UNE2D07","7","Diplomado UneWeb","Programación Full Stack con Python e IA","Nivel 2 — HTML5 y CSS3 Nivel I","Agosto 2026 · Día 7","7","Clase diaria 7: Imágenes: rutas, texto alternativo y dimensiones","Comprender y aplicar el fundamento del día antes de avanzar.","Imágenes: rutas, texto alternativo y dimensiones; decidir entre ruta absoluta y relativa","Insertar imágenes usando ejemplos de ruta absoluta y ruta relativa, y justificar cuál corresponde según la ubicación del archivo HTML.","Tarea independiente y preguntas de comprobación.","Landing page estática","HTML5, CSS3, VS Code, navegador","1,5","1,","Alta","En curso"
"UNE2D08","8","Diplomado UneWeb","Programación Full Stack con Python e IA","Nivel 2 — HTML5 y CSS3 Nivel I","Agosto 2026 · Día 8","8","Clase diaria 8: Rutas relativas, absolutas y organización de carpetas","Comprender y aplicar el fundamento del día antes de avanzar.","Rutas relativas, absolutas y organización de carpetas; práctica con subcarpetas, ./ y ../","Resolver rutas dentro de una estructura de carpetas usando rutas absolutas y relativas; practicar subcarpetas, ./ y ../ hasta seleccionar la dirección correcta sin ayuda.","Tarea independiente y preguntas de comprobación.","Landing page estática","HTML5, CSS3, VS Code, navegador","1,5","1,","Alta","Pendiente"
"UNE2D09","9","Diplomado UneWeb","Programación Full Stack con Python e IA","Nivel 2 — HTML5 y CSS3 Nivel I","Agosto 2026 · Día 9","9","Clase diaria 9: Práctica P1: página con etiquetas básicas de texto","Comprender y aplicar el fundamento del día antes de avanzar.","Práctica P1: página con etiquetas básicas de texto","Ejercicio guiado en Visual Studio Code.","Tarea independiente y preguntas de comprobación.","Landing page estática","HTML5, CSS3, VS Code, navegador","1,5","1,","Alta","Completado"
"UNE2D10","10","Diplomado UneWeb","Programación Full Stack con Python e IA","Nivel 2 — HTML5 y CSS3 Nivel I","Agosto 2026 · Día 10","10","Clase diaria 10: Audio, video e iframe en HTML5","Comprender y aplicar el fundamento del día antes de avanzar.","Audio, video e iframe en HTML5","Ejercicio guiado en Visual Studio Code.","Tarea independiente y preguntas de comprobación.","Landing page estática","HTML5, CSS3, VS Code, navegador","1,5","1,","Alta","Pendiente"
"UNE2D11","11","Diplomado UneWeb","Programación Full Stack con Python e IA","Nivel 2 — HTML5 y CSS3 Nivel I","Agosto 2026 · Día 11","11","Clase diaria 11: Etiquetas semánticas: header, nav, main, section y footer","Comprender y aplicar el fundamento del día antes de avanzar.","Etiquetas semánticas: header, nav, main, section y footer","Ejercicio guiado en Visual Studio Code.","Tarea independiente y preguntas de comprobación.","Landing page estática","HTML5, CSS3, VS Code, navegador","1,5","1,","Alta","Pendiente"
"UNE2D12","12","Diplomado UneWeb","Programación Full Stack con Python e IA","Nivel 2 — HTML5 y CSS3 Nivel I","Agosto 2026 · Día 12","12","Clase diaria 12: article, aside y organización del contenido","Comprender y aplicar el fundamento del día antes de avanzar.","article, aside y organización del contenido","Ejercicio guiado en Visual Studio Code.","Tarea independiente y preguntas de comprobación.","Landing page estática","HTML5, CSS3, VS Code, navegador","1,5","1,","Alta","Pendiente"
"UNE2D13","13","Diplomado UneWeb","Programación Full Stack con Python e IA","Nivel 2 — HTML5 y CSS3 Nivel I","Agosto 2026 · Día 13","13","Clase diaria 13: Práctica P2: listas, enlaces y multimedia","Comprender y aplicar el fundamento del día antes de avanzar.","Práctica P2: listas, enlaces y multimedia","Ejercicio guiado en Visual Studio Code.","Tarea independiente y preguntas de comprobación.","Landing page estática","HTML5, CSS3, VS Code, navegador","1,5","1,","Alta","Pendiente"
"UNE2D14","14","Diplomado UneWeb","Programación Full Stack con Python e IA","Nivel 2 — HTML5 y CSS3 Nivel I","Agosto 2026 · Día 14","14","Clase diaria 14: Contenedores div y span","Comprender y aplicar el fundamento del día antes de avanzar.","Contenedores div y span; comparar el margen predeterminado de <div> frente a <p>","Comparar visualmente dos <div> y dos <p>. Identificar que <div> no trae margen externo predeterminado y que <p> normalmente sí lo recibe de los estilos del navegador; comprobar que CSS puede modificar ambos.","Tarea independiente y preguntas de comprobación.","Landing page estática","HTML5, CSS3, VS Code, navegador","1,5","1,","Alta","Pendiente"
"UNE2D15","15","Diplomado UneWeb","Programación Full Stack con Python e IA","Nivel 2 — HTML5 y CSS3 Nivel I","Agosto 2026 · Día 15","15","Clase diaria 15: Tablas: table, tr, th y td","Comprender y aplicar el fundamento del día antes de avanzar.","Tablas: table, tr, th y td","Ejercicio guiado en Visual Studio Code.","Tarea independiente y preguntas de comprobación.","Landing page estática","HTML5, CSS3, VS Code, navegador","1,5","1,","Alta","Pendiente"
"UNE2D16","16","Diplomado UneWeb","Programación Full Stack con Python e IA","Nivel 2 — HTML5 y CSS3 Nivel I","Agosto 2026 · Día 16","16","Clase diaria 16: Tablas: thead, tbody, tfoot, colspan y rowspan","Comprender y aplicar el fundamento del día antes de avanzar.","Tablas: thead, tbody, tfoot, colspan y rowspan","Ejercicio guiado en Visual Studio Code.","Tarea independiente y preguntas de comprobación.","Landing page estática","HTML5, CSS3, VS Code, navegador","1,5","1,","Alta","Pendiente"
"UNE2D17","17","Diplomado UneWeb","Programación Full Stack con Python e IA","Nivel 2 — HTML5 y CSS3 Nivel I","Agosto 2026 · Día 17","17","Clase diaria 17: Bordes y presentación inicial de tablas","Comprender y aplicar el fundamento del día antes de avanzar.","Bordes y presentación inicial de tablas","Ejercicio guiado en Visual Studio Code.","Tarea independiente y preguntas de comprobación.","Landing page estática","HTML5, CSS3, VS Code, navegador","1,5","1,","Alta","Pendiente"
"UNE2D18","18","Diplomado UneWeb","Programación Full Stack con Python e IA","Nivel 2 — HTML5 y CSS3 Nivel I","Agosto 2026 · Día 18","18","Clase diaria 18: Formularios: form, action, method y label","Comprender y aplicar el fundamento del día antes de avanzar.","Formularios: form, action, method y label","Ejercicio guiado en Visual Studio Code.","Tarea independiente y preguntas de comprobación.","Landing page estática","HTML5, CSS3, VS Code, navegador","1,5","1,","Alta","Pendiente"
"UNE2D19","19","Diplomado UneWeb","Programación Full Stack con Python e IA","Nivel 2 — HTML5 y CSS3 Nivel I","Agosto 2026 · Día 19","19","Clase diaria 19: Campos input: text, email, password, number y date","Comprender y aplicar el fundamento del día antes de avanzar.","Campos input: text, email, password, number y date","Ejercicio guiado en Visual Studio Code.","Tarea independiente y preguntas de comprobación.","Landing page estática","HTML5, CSS3, VS Code, navegador","1,5","1,","Alta","Pendiente"
"UNE2D20","20","Diplomado UneWeb","Programación Full Stack con Python e IA","Nivel 2 — HTML5 y CSS3 Nivel I","Agosto 2026 · Día 20","20","Clase diaria 20: Controles: radio, checkbox, select y textarea","Comprender y aplicar el fundamento del día antes de avanzar.","Controles: radio, checkbox, select y textarea","Ejercicio guiado en Visual Studio Code.","Tarea independiente y preguntas de comprobación.","Landing page estática","HTML5, CSS3, VS Code, navegador","1,5","1,","Alta","Pendiente"
"UNE2D21","21","Diplomado UneWeb","Programación Full Stack con Python e IA","Nivel 2 — HTML5 y CSS3 Nivel I","Agosto 2026 · Día 21","21","Clase diaria 21: Validación HTML5: required, minlength, maxlength y pattern","Comprender y aplicar el fundamento del día antes de avanzar.","Validación HTML5: required, minlength, maxlength y pattern","Ejercicio guiado en Visual Studio Code.","Tarea independiente y preguntas de comprobación.","Landing page estática","HTML5, CSS3, VS Code, navegador","1,5","1,","Alta","Pendiente"
"UNE2D22","22","Diplomado UneWeb","Programación Full Stack con Python e IA","Nivel 2 — HTML5 y CSS3 Nivel I","Agosto 2026 · Día 22","22","Clase diaria 22: Práctica P3: formulario de contacto","Comprender y aplicar el fundamento del día antes de avanzar.","Práctica P3: formulario de contacto","Ejercicio guiado en Visual Studio Code.","Tarea independiente y preguntas de comprobación.","Landing page estática","HTML5, CSS3, VS Code, navegador","1,5","1,","Alta","Pendiente"
"UNE2D23","23","Diplomado UneWeb","Programación Full Stack con Python e IA","Nivel 2 — HTML5 y CSS3 Nivel I","Agosto 2026 · Día 23","23","Clase diaria 23: Introducción a CSS3 y formas de integración","Comprender y aplicar el fundamento del día antes de avanzar.","Introducción a CSS3 y formas de integración","Ejercicio guiado en Visual Studio Code.","Tarea independiente y preguntas de comprobación.","Landing page estática","HTML5, CSS3, VS Code, navegador","1,5","1,","Alta","Pendiente"
"UNE2D24","24","Diplomado UneWeb","Programación Full Stack con Python e IA","Nivel 2 — HTML5 y CSS3 Nivel I","Agosto 2026 · Día 24","24","Clase diaria 24: Selectores de elemento, clase e id","Comprender y aplicar el fundamento del día antes de avanzar.","Selectores de elemento, clase e id","Ejercicio guiado en Visual Studio Code.","Tarea independiente y preguntas de comprobación.","Landing page estática","HTML5, CSS3, VS Code, navegador","1,5","1,","Alta","Pendiente"
"UNE2D25","25","Diplomado UneWeb","Programación Full Stack con Python e IA","Nivel 2 — HTML5 y CSS3 Nivel I","Agosto 2026 · Día 25","25","Clase diaria 25: Color, tipografía, fondo y unidades básicas","Comprender y aplicar el fundamento del día antes de avanzar.","Color, tipografía, fondo y unidades básicas","Ejercicio guiado en Visual Studio Code.","Tarea independiente y preguntas de comprobación.","Landing page estática","HTML5, CSS3, VS Code, navegador","1,5","1,","Alta","Pendiente"
"UNE2D26","26","Diplomado UneWeb","Programación Full Stack con Python e IA","Nivel 2 — HTML5 y CSS3 Nivel I","Agosto 2026 · Día 26","26","Clase diaria 26: Box model: margin, border, padding y content","Comprender y aplicar el fundamento del día antes de avanzar.","Box model: margin, border, padding y content; explicar técnicamente la diferencia visual inicial entre <div> y <p>","Retomar <div> y <p> y analizar su separación mediante content, padding, border y margin. Modificar con CSS los márgenes de ambos y comprobar el resultado en el navegador.","Tarea independiente y preguntas de comprobación.","Landing page estática","HTML5, CSS3, VS Code, navegador","1,5","1,","Alta","Pendiente"
"UNE2D27","27","Diplomado UneWeb","Programación Full Stack con Python e IA","Nivel 2 — HTML5 y CSS3 Nivel I","Agosto 2026 · Día 27","27","Clase diaria 27: Display, ancho, alto y alineación inicial","Comprender y aplicar el fundamento del día antes de avanzar.","Display, ancho, alto y alineación inicial","Ejercicio guiado en Visual Studio Code.","Tarea independiente y preguntas de comprobación.","Landing page estática","HTML5, CSS3, VS Code, navegador","1,5","1,","Alta","Pendiente"
"UNE2D28","28","Diplomado UneWeb","Programación Full Stack con Python e IA","Nivel 2 — HTML5 y CSS3 Nivel I","Agosto 2026 · Día 28","28","Clase diaria 28: Práctica P4: hoja de estilos CSS3","Comprender y aplicar el fundamento del día antes de avanzar.","Práctica P4: hoja de estilos CSS3","Ejercicio guiado en Visual Studio Code.","Tarea independiente y preguntas de comprobación.","Landing page estática","HTML5, CSS3, VS Code, navegador","1,5","1,","Alta","Pendiente"
"UNE2D29","29","Diplomado UneWeb","Programación Full Stack con Python e IA","Nivel 2 — HTML5 y CSS3 Nivel I","Agosto 2026 · Día 29","29","Clase diaria 29: Planificación de la landing page final","Comprender y aplicar el fundamento del día antes de avanzar.","Planificación de la landing page final","Ejercicio guiado en Visual Studio Code.","Tarea independiente y preguntas de comprobación.","Landing page estática","HTML5, CSS3, VS Code, navegador","1,5","1,","Alta","Pendiente"
"UNE2D30","30","Diplomado UneWeb","Programación Full Stack con Python e IA","Nivel 2 — HTML5 y CSS3 Nivel I","Agosto 2026 · Día 30","30","Clase diaria 30: Construcción e integración de la landing page","Comprender y aplicar el fundamento del día antes de avanzar.","Construcción e integración de la landing page","Ejercicio guiado en Visual Studio Code.","Tarea independiente y preguntas de comprobación.","Landing page estática","HTML5, CSS3, VS Code, navegador","1,5","1,","Alta","Pendiente"
"UNE2D31","31","Diplomado UneWeb","Programación Full Stack con Python e IA","Nivel 2 — HTML5 y CSS3 Nivel I","Agosto 2026 · Día 31","31","Clase diaria 31: Revisión, corrección y entrega de la práctica P5","Comprender y aplicar el fundamento del día antes de avanzar.","Revisión, corrección y entrega de la práctica P5","Ejercicio guiado en Visual Studio Code.","Tarea independiente y preguntas de comprobación.","Landing page estática","HTML5, CSS3, VS Code, navegador","1,5","1,","Alta","Pendiente"
"UNE3D01","32","Diplomado UneWeb","Programación Full Stack con Python e IA","Nivel 3 — HTML5 y CSS3 Nivel II","Septiembre 2026 · Día 1","1","Clase diaria 1: Introducción al Nivel 3: objetivos, herramientas y proyecto del mes","Comprender y aplicar introducción al nivel 3: objetivos, herramientas y proyecto del mes dentro del objetivo del Nivel 3.","Introducción al Nivel 3: objetivos, herramientas y proyecto del mes","Realizar un ejemplo guiado de introducción al nivel 3: objetivos, herramientas y proyecto del mes.","Resolver una práctica corta y responder preguntas de comprobación.","Sitio web responsive","HTML5, CSS3, VS Code, navegador","1,5","1,","Alta","Pendiente"
"UNE3D02","33","Diplomado UneWeb","Programación Full Stack con Python e IA","Nivel 3 — HTML5 y CSS3 Nivel II","Septiembre 2026 · Día 2","2","Clase diaria 2: Fundamentos de web semántica y estructura avanzada de documentos","Comprender y aplicar fundamentos de web semántica y estructura avanzada de documentos dentro del objetivo del Nivel 3.","Fundamentos de web semántica y estructura avanzada de documentos","Realizar un ejemplo guiado de fundamentos de web semántica y estructura avanzada de documentos.","Resolver una práctica corta y responder preguntas de comprobación.","Sitio web responsive","HTML5, CSS3, VS Code, navegador","1,5","1,","Alta","Pendiente"
"UNE3D03","34","Diplomado UneWeb","Programación Full Stack con Python e IA","Nivel 3 — HTML5 y CSS3 Nivel II","Septiembre 2026 · Día 3","3","Clase diaria 3: Ejercicio guiado de web semántica y estructura avanzada de documentos","Comprender y aplicar ejercicio guiado de web semántica y estructura avanzada de documentos dentro del objetivo del Nivel 3.","Ejercicio guiado de web semántica y estructura avanzada de documentos","Realizar un ejemplo guiado de ejercicio guiado de web semántica y estructura avanzada de documentos.","Resolver una práctica corta y responder preguntas de comprobación.","Sitio web responsive","HTML5, CSS3, VS Code, navegador","1,5","1,","Alta","Pendiente"
"UNE3D04","35","Diplomado UneWeb","Programación Full Stack con Python e IA","Nivel 3 — HTML5 y CSS3 Nivel II","Septiembre 2026 · Día 4","4","Clase diaria 4: Fundamentos de multimedia accesible en HTML5","Comprender y aplicar fundamentos de multimedia accesible en html5 dentro del objetivo del Nivel 3.","Fundamentos de multimedia accesible en HTML5","Realizar un ejemplo guiado de fundamentos de multimedia accesible en html5.","Resolver una práctica corta y responder preguntas de comprobación.","Sitio web responsive","HTML5, CSS3, VS Code, navegador","1,5","1,","Alta","Pendiente"
"UNE3D05","36","Diplomado UneWeb","Programación Full Stack con Python e IA","Nivel 3 — HTML5 y CSS3 Nivel II","Septiembre 2026 · Día 5","5","Clase diaria 5: Ejercicio guiado de multimedia accesible en HTML5","Comprender y aplicar ejercicio guiado de multimedia accesible en html5 dentro del objetivo del Nivel 3.","Ejercicio guiado de multimedia accesible en HTML5","Realizar un ejemplo guiado de ejercicio guiado de multimedia accesible en html5.","Resolver una práctica corta y responder preguntas de comprobación.","Sitio web responsive","HTML5, CSS3, VS Code, navegador","1,5","1,","Alta","Pendiente"
"UNE3D06","37","Diplomado UneWeb","Programación Full Stack con Python e IA","Nivel 3 — HTML5 y CSS3 Nivel II","Septiembre 2026 · Día 6","6","Clase diaria 6: Práctica P1: maquetación con Flexbox de un layout de varias columnas","Completar la práctica p1: maquetación con flexbox de un layout de varias columnas y demostrar los conocimientos acumulados.","Práctica P1: maquetación con Flexbox de un layout de varias columnas","Desarrollar paso a paso la práctica p1: maquetación con flexbox de un layout de varias columnas.","Entregar la evidencia funcional de la práctica p1: maquetación con flexbox de un layout de varias columnas.","Sitio web responsive","HTML5, CSS3, VS Code, navegador","1,5","1,","Alta","Pendiente"
"UNE3D07","38","Diplomado UneWeb","Programación Full Stack con Python e IA","Nivel 3 — HTML5 y CSS3 Nivel II","Septiembre 2026 · Día 7","7","Clase diaria 7: Fundamentos de Box Model: contenido, padding, border y margin","Comprender y aplicar fundamentos de box model: contenido, padding, border y margin dentro del objetivo del Nivel 3.","Fundamentos de Box Model: contenido, padding, border y margin","Realizar un ejemplo guiado de fundamentos de box model: contenido, padding, border y margin.","Resolver una práctica corta y responder preguntas de comprobación.","Sitio web responsive","HTML5, CSS3, VS Code, navegador","1,5","1,","Alta","Pendiente"
"UNE3D08","39","Diplomado UneWeb","Programación Full Stack con Python e IA","Nivel 3 — HTML5 y CSS3 Nivel II","Septiembre 2026 · Día 8","8","Clase diaria 8: Ejercicio guiado de Box Model: contenido, padding, border y margin","Comprender y aplicar ejercicio guiado de box model: contenido, padding, border y margin dentro del objetivo del Nivel 3.","Ejercicio guiado de Box Model: contenido, padding, border y margin","Realizar un ejemplo guiado de ejercicio guiado de box model: contenido, padding, border y margin.","Resolver una práctica corta y responder preguntas de comprobación.","Sitio web responsive","HTML5, CSS3, VS Code, navegador","1,5","1,","Alta","Pendiente"
"UNE3D09","40","Diplomado UneWeb","Programación Full Stack con Python e IA","Nivel 3 — HTML5 y CSS3 Nivel II","Septiembre 2026 · Día 9","9","Clase diaria 9: Fundamentos de Flexbox: ejes, dirección, alineación y distribución","Comprender y aplicar fundamentos de flexbox: ejes, dirección, alineación y distribución dentro del objetivo del Nivel 3.","Fundamentos de Flexbox: ejes, dirección, alineación y distribución","Realizar un ejemplo guiado de fundamentos de flexbox: ejes, dirección, alineación y distribución.","Resolver una práctica corta y responder preguntas de comprobación.","Sitio web responsive","HTML5, CSS3, VS Code, navegador","1,5","1,","Alta","Pendiente"
"UNE3D10","41","Diplomado UneWeb","Programación Full Stack con Python e IA","Nivel 3 — HTML5 y CSS3 Nivel II","Septiembre 2026 · Día 10","10","Clase diaria 10: Ejercicio guiado de Flexbox: ejes, dirección, alineación y distribución","Comprender y aplicar ejercicio guiado de flexbox: ejes, dirección, alineación y distribución dentro del objetivo del Nivel 3.","Ejercicio guiado de Flexbox: ejes, dirección, alineación y distribución","Realizar un ejemplo guiado de ejercicio guiado de flexbox: ejes, dirección, alineación y distribución.","Resolver una práctica corta y responder preguntas de comprobación.","Sitio web responsive","HTML5, CSS3, VS Code, navegador","1,5","1,","Alta","Pendiente"
"UNE3D11","42","Diplomado UneWeb","Programación Full Stack con Python e IA","Nivel 3 — HTML5 y CSS3 Nivel II","Septiembre 2026 · Día 11","11","Clase diaria 11: Fundamentos de layouts de varias columnas con Flexbox","Comprender y aplicar fundamentos de layouts de varias columnas con flexbox dentro del objetivo del Nivel 3.","Fundamentos de layouts de varias columnas con Flexbox","Realizar un ejemplo guiado de fundamentos de layouts de varias columnas con flexbox.","Resolver una práctica corta y responder preguntas de comprobación.","Sitio web responsive","HTML5, CSS3, VS Code, navegador","1,5","1,","Alta","Pendiente"
"UNE3D12","43","Diplomado UneWeb","Programación Full Stack con Python e IA","Nivel 3 — HTML5 y CSS3 Nivel II","Septiembre 2026 · Día 12","12","Clase diaria 12: Ejercicio guiado de layouts de varias columnas con Flexbox","Comprender y aplicar ejercicio guiado de layouts de varias columnas con flexbox dentro del objetivo del Nivel 3.","Ejercicio guiado de layouts de varias columnas con Flexbox","Realizar un ejemplo guiado de ejercicio guiado de layouts de varias columnas con flexbox.","Resolver una práctica corta y responder preguntas de comprobación.","Sitio web responsive","HTML5, CSS3, VS Code, navegador","1,5","1,","Alta","Pendiente"
"UNE3D13","44","Diplomado UneWeb","Programación Full Stack con Python e IA","Nivel 3 — HTML5 y CSS3 Nivel II","Septiembre 2026 · Día 13","13","Clase diaria 13: Práctica P2: animación CSS3 con Keyframes","Completar la práctica p2: animación css3 con keyframes y demostrar los conocimientos acumulados.","Práctica P2: animación CSS3 con Keyframes","Desarrollar paso a paso la práctica p2: animación css3 con keyframes.","Entregar la evidencia funcional de la práctica p2: animación css3 con keyframes.","Sitio web responsive","HTML5, CSS3, VS Code, navegador","1,5","1,","Alta","Pendiente"
"UNE3D14","45","Diplomado UneWeb","Programación Full Stack con Python e IA","Nivel 3 — HTML5 y CSS3 Nivel II","Septiembre 2026 · Día 14","14","Clase diaria 14: Fundamentos de transiciones y transformaciones CSS3","Comprender y aplicar fundamentos de transiciones y transformaciones css3 dentro del objetivo del Nivel 3.","Fundamentos de transiciones y transformaciones CSS3","Realizar un ejemplo guiado de fundamentos de transiciones y transformaciones css3.","Resolver una práctica corta y responder preguntas de comprobación.","Sitio web responsive","HTML5, CSS3, VS Code, navegador","1,5","1,","Alta","Pendiente"
"UNE3D15","46","Diplomado UneWeb","Programación Full Stack con Python e IA","Nivel 3 — HTML5 y CSS3 Nivel II","Septiembre 2026 · Día 15","15","Clase diaria 15: Ejercicio guiado de transiciones y transformaciones CSS3","Comprender y aplicar ejercicio guiado de transiciones y transformaciones css3 dentro del objetivo del Nivel 3.","Ejercicio guiado de transiciones y transformaciones CSS3","Realizar un ejemplo guiado de ejercicio guiado de transiciones y transformaciones css3.","Resolver una práctica corta y responder preguntas de comprobación.","Sitio web responsive","HTML5, CSS3, VS Code, navegador","1,5","1,","Alta","Pendiente"
"UNE3D16","47","Diplomado UneWeb","Programación Full Stack con Python e IA","Nivel 3 — HTML5 y CSS3 Nivel II","Septiembre 2026 · Día 16","16","Clase diaria 16: Fundamentos de animaciones CSS3 con @keyframes","Comprender y aplicar fundamentos de animaciones css3 con @keyframes dentro del objetivo del Nivel 3.","Fundamentos de animaciones CSS3 con @keyframes","Realizar un ejemplo guiado de fundamentos de animaciones css3 con @keyframes.","Resolver una práctica corta y responder preguntas de comprobación.","Sitio web responsive","HTML5, CSS3, VS Code, navegador","1,5","1,","Alta","Pendiente"
"UNE3D17","48","Diplomado UneWeb","Programación Full Stack con Python e IA","Nivel 3 — HTML5 y CSS3 Nivel II","Septiembre 2026 · Día 17","17","Clase diaria 17: Ejercicio guiado de animaciones CSS3 con @keyframes","Comprender y aplicar ejercicio guiado de animaciones css3 con @keyframes dentro del objetivo del Nivel 3.","Ejercicio guiado de animaciones CSS3 con @keyframes","Realizar un ejemplo guiado de ejercicio guiado de animaciones css3 con @keyframes.","Resolver una práctica corta y responder preguntas de comprobación.","Sitio web responsive","HTML5, CSS3, VS Code, navegador","1,5","1,","Alta","Pendiente"
"UNE3D18","49","Diplomado UneWeb","Programación Full Stack con Python e IA","Nivel 3 — HTML5 y CSS3 Nivel II","Septiembre 2026 · Día 18","18","Clase diaria 18: Práctica P3: dibujo interactivo con Canvas HTML5","Completar la práctica p3: dibujo interactivo con canvas html5 y demostrar los conocimientos acumulados.","Práctica P3: dibujo interactivo con Canvas HTML5","Desarrollar paso a paso la práctica p3: dibujo interactivo con canvas html5.","Entregar la evidencia funcional de la práctica p3: dibujo interactivo con canvas html5.","Sitio web responsive","HTML5, CSS3, VS Code, navegador","1,5","1,","Alta","Pendiente"
"UNE3D19","50","Diplomado UneWeb","Programación Full Stack con Python e IA","Nivel 3 — HTML5 y CSS3 Nivel II","Septiembre 2026 · Día 19","19","Clase diaria 19: Fundamentos de Canvas HTML5: contexto, formas y dibujo","Comprender y aplicar fundamentos de canvas html5: contexto, formas y dibujo dentro del objetivo del Nivel 3.","Fundamentos de Canvas HTML5: contexto, formas y dibujo","Realizar un ejemplo guiado de fundamentos de canvas html5: contexto, formas y dibujo.","Resolver una práctica corta y responder preguntas de comprobación.","Sitio web responsive","HTML5, CSS3, VS Code, navegador","1,5","1,","Alta","Pendiente"
"UNE3D20","51","Diplomado UneWeb","Programación Full Stack con Python e IA","Nivel 3 — HTML5 y CSS3 Nivel II","Septiembre 2026 · Día 20","20","Clase diaria 20: Ejercicio guiado de Canvas HTML5: contexto, formas y dibujo","Comprender y aplicar ejercicio guiado de canvas html5: contexto, formas y dibujo dentro del objetivo del Nivel 3.","Ejercicio guiado de Canvas HTML5: contexto, formas y dibujo","Realizar un ejemplo guiado de ejercicio guiado de canvas html5: contexto, formas y dibujo.","Resolver una práctica corta y responder preguntas de comprobación.","Sitio web responsive","HTML5, CSS3, VS Code, navegador","1,5","1,","Alta","Pendiente"
"UNE3D21","52","Diplomado UneWeb","Programación Full Stack con Python e IA","Nivel 3 — HTML5 y CSS3 Nivel II","Septiembre 2026 · Día 21","21","Clase diaria 21: Fundamentos de principios de diseño web responsive","Comprender y aplicar fundamentos de principios de diseño web responsive dentro del objetivo del Nivel 3.","Fundamentos de principios de diseño web responsive","Realizar un ejemplo guiado de fundamentos de principios de diseño web responsive.","Resolver una práctica corta y responder preguntas de comprobación.","Sitio web responsive","HTML5, CSS3, VS Code, navegador","1,5","1,","Alta","Pendiente"
"UNE3D22","53","Diplomado UneWeb","Programación Full Stack con Python e IA","Nivel 3 — HTML5 y CSS3 Nivel II","Septiembre 2026 · Día 22","22","Clase diaria 22: Ejercicio guiado de principios de diseño web responsive","Comprender y aplicar ejercicio guiado de principios de diseño web responsive dentro del objetivo del Nivel 3.","Ejercicio guiado de principios de diseño web responsive","Realizar un ejemplo guiado de ejercicio guiado de principios de diseño web responsive.","Resolver una práctica corta y responder preguntas de comprobación.","Sitio web responsive","HTML5, CSS3, VS Code, navegador","1,5","1,","Alta","Pendiente"
"UNE3D23","54","Diplomado UneWeb","Programación Full Stack con Python e IA","Nivel 3 — HTML5 y CSS3 Nivel II","Septiembre 2026 · Día 23","23","Clase diaria 23: Fundamentos de media queries, mobile first y breakpoints","Comprender y aplicar fundamentos de media queries, mobile first y breakpoints dentro del objetivo del Nivel 3.","Fundamentos de media queries, mobile first y breakpoints","Realizar un ejemplo guiado de fundamentos de media queries, mobile first y breakpoints.","Resolver una práctica corta y responder preguntas de comprobación.","Sitio web responsive","HTML5, CSS3, VS Code, navegador","1,5","1,","Alta","Pendiente"
"UNE3D24","55","Diplomado UneWeb","Programación Full Stack con Python e IA","Nivel 3 — HTML5 y CSS3 Nivel II","Septiembre 2026 · Día 24","24","Clase diaria 24: Ejercicio guiado de media queries, mobile first y breakpoints","Comprender y aplicar ejercicio guiado de media queries, mobile first y breakpoints dentro del objetivo del Nivel 3.","Ejercicio guiado de media queries, mobile first y breakpoints","Realizar un ejemplo guiado de ejercicio guiado de media queries, mobile first y breakpoints.","Resolver una práctica corta y responder preguntas de comprobación.","Sitio web responsive","HTML5, CSS3, VS Code, navegador","1,5","1,","Alta","Pendiente"
"UNE3D25","56","Diplomado UneWeb","Programación Full Stack con Python e IA","Nivel 3 — HTML5 y CSS3 Nivel II","Septiembre 2026 · Día 25","25","Clase diaria 25: Práctica P4: adaptación de un sitio existente a diseño responsive","Completar la práctica p4: adaptación de un sitio existente a diseño responsive y demostrar los conocimientos acumulados.","Práctica P4: adaptación de un sitio existente a diseño responsive","Desarrollar paso a paso la práctica p4: adaptación de un sitio existente a diseño responsive.","Entregar la evidencia funcional de la práctica p4: adaptación de un sitio existente a diseño responsive.","Sitio web responsive","HTML5, CSS3, VS Code, navegador","1,5","1,","Alta","Pendiente"
"UNE3D26","57","Diplomado UneWeb","Programación Full Stack con Python e IA","Nivel 3 — HTML5 y CSS3 Nivel II","Septiembre 2026 · Día 26","26","Clase diaria 26: Fundamentos de selectores avanzados y especificidad","Comprender y aplicar fundamentos de selectores avanzados y especificidad dentro del objetivo del Nivel 3.","Fundamentos de selectores avanzados y especificidad","Realizar un ejemplo guiado de fundamentos de selectores avanzados y especificidad.","Resolver una práctica corta y responder preguntas de comprobación.","Sitio web responsive","HTML5, CSS3, VS Code, navegador","1,5","1,","Alta","Pendiente"
"UNE3D27","58","Diplomado UneWeb","Programación Full Stack con Python e IA","Nivel 3 — HTML5 y CSS3 Nivel II","Septiembre 2026 · Día 27","27","Clase diaria 27: Ejercicio guiado de selectores avanzados y especificidad","Comprender y aplicar ejercicio guiado de selectores avanzados y especificidad dentro del objetivo del Nivel 3.","Ejercicio guiado de selectores avanzados y especificidad","Realizar un ejemplo guiado de ejercicio guiado de selectores avanzados y especificidad.","Resolver una práctica corta y responder preguntas de comprobación.","Sitio web responsive","HTML5, CSS3, VS Code, navegador","1,5","1,","Alta","Pendiente"
"UNE3D28","59","Diplomado UneWeb","Programación Full Stack con Python e IA","Nivel 3 — HTML5 y CSS3 Nivel II","Septiembre 2026 · Día 28","28","Clase diaria 28: Fundamentos de variables CSS3 y reutilización de estilos","Comprender y aplicar fundamentos de variables css3 y reutilización de estilos dentro del objetivo del Nivel 3.","Fundamentos de variables CSS3 y reutilización de estilos","Realizar un ejemplo guiado de fundamentos de variables css3 y reutilización de estilos.","Resolver una práctica corta y responder preguntas de comprobación.","Sitio web responsive","HTML5, CSS3, VS Code, navegador","1,5","1,","Alta","Pendiente"
"UNE3D29","60","Diplomado UneWeb","Programación Full Stack con Python e IA","Nivel 3 — HTML5 y CSS3 Nivel II","Septiembre 2026 · Día 29","29","Clase diaria 29: Ejercicio guiado de variables CSS3 y reutilización de estilos","Comprender y aplicar ejercicio guiado de variables css3 y reutilización de estilos dentro del objetivo del Nivel 3.","Ejercicio guiado de variables CSS3 y reutilización de estilos","Realizar un ejemplo guiado de ejercicio guiado de variables css3 y reutilización de estilos.","Resolver una práctica corta y responder preguntas de comprobación.","Sitio web responsive","HTML5, CSS3, VS Code, navegador","1,5","1,","Alta","Pendiente"
"UNE3D30","61","Diplomado UneWeb","Programación Full Stack con Python e IA","Nivel 3 — HTML5 y CSS3 Nivel II","Septiembre 2026 · Día 30","30","Clase diaria 30: Práctica P5: proyecto de sitio web responsive completo","Completar la práctica p5: proyecto de sitio web responsive completo y demostrar los conocimientos acumulados.","Práctica P5: proyecto de sitio web responsive completo","Desarrollar paso a paso la práctica p5: proyecto de sitio web responsive completo.","Entregar la evidencia funcional de la práctica p5: proyecto de sitio web responsive completo.","Sitio web responsive","HTML5, CSS3, VS Code, navegador","1,5","1,","Alta","Pendiente"
"UNE4D01","62","Diplomado UneWeb","Programación Full Stack con Python e IA","Nivel 4 — JavaScript Nivel I","Octubre 2026 · Día 1","1","Clase diaria 1: Introducción al Nivel 4: objetivos, herramientas y proyecto del mes","Comprender y aplicar introducción al nivel 4: objetivos, herramientas y proyecto del mes dentro del objetivo del Nivel 4.","Introducción al Nivel 4: objetivos, herramientas y proyecto del mes","Realizar un ejemplo guiado de introducción al nivel 4: objetivos, herramientas y proyecto del mes.","Resolver una práctica corta y responder preguntas de comprobación.","Miniaplicación interactiva","JavaScript, VS Code, navegador","1,5","1,","Alta","Pendiente"
"UNE4D02","63","Diplomado UneWeb","Programación Full Stack con Python e IA","Nivel 4 — JavaScript Nivel I","Octubre 2026 · Día 2","2","Clase diaria 2: Fundamentos de vinculación de JavaScript con HTML y uso de la consola","Comprender y aplicar fundamentos de vinculación de javascript con html y uso de la consola dentro del objetivo del Nivel 4.","Fundamentos de vinculación de JavaScript con HTML y uso de la consola","Realizar un ejemplo guiado de fundamentos de vinculación de javascript con html y uso de la consola.","Resolver una práctica corta y responder preguntas de comprobación.","Miniaplicación interactiva","JavaScript, VS Code, navegador","1,5","1,","Alta","Pendiente"
"UNE4D03","64","Diplomado UneWeb","Programación Full Stack con Python e IA","Nivel 4 — JavaScript Nivel I","Octubre 2026 · Día 3","3","Clase diaria 3: Ejercicio guiado de vinculación de JavaScript con HTML y uso de la consola","Comprender y aplicar ejercicio guiado de vinculación de javascript con html y uso de la consola dentro del objetivo del Nivel 4.","Ejercicio guiado de vinculación de JavaScript con HTML y uso de la consola","Realizar un ejemplo guiado de ejercicio guiado de vinculación de javascript con html y uso de la consola.","Resolver una práctica corta y responder preguntas de comprobación.","Miniaplicación interactiva","JavaScript, VS Code, navegador","1,5","1,","Alta","Pendiente"
"UNE4D04","65","Diplomado UneWeb","Programación Full Stack con Python e IA","Nivel 4 — JavaScript Nivel I","Octubre 2026 · Día 4","4","Clase diaria 4: Fundamentos de variables con let y const","Comprender y aplicar fundamentos de variables con let y const dentro del objetivo del Nivel 4.","Fundamentos de variables con let y const","Realizar un ejemplo guiado de fundamentos de variables con let y const.","Resolver una práctica corta y responder preguntas de comprobación.","Miniaplicación interactiva","JavaScript, VS Code, navegador","1,5","1,","Alta","Pendiente"
"UNE4D05","66","Diplomado UneWeb","Programación Full Stack con Python e IA","Nivel 4 — JavaScript Nivel I","Octubre 2026 · Día 5","5","Clase diaria 5: Ejercicio guiado de variables con let y const","Comprender y aplicar ejercicio guiado de variables con let y const dentro del objetivo del Nivel 4.","Ejercicio guiado de variables con let y const","Realizar un ejemplo guiado de ejercicio guiado de variables con let y const.","Resolver una práctica corta y responder preguntas de comprobación.","Miniaplicación interactiva","JavaScript, VS Code, navegador","1,5","1,","Alta","Pendiente"
"UNE4D06","67","Diplomado UneWeb","Programación Full Stack con Python e IA","Nivel 4 — JavaScript Nivel I","Octubre 2026 · Día 6","6","Clase diaria 6: Fundamentos de tipos de datos y conversión de valores","Comprender y aplicar fundamentos de tipos de datos y conversión de valores dentro del objetivo del Nivel 4.","Fundamentos de tipos de datos y conversión de valores","Realizar un ejemplo guiado de fundamentos de tipos de datos y conversión de valores.","Resolver una práctica corta y responder preguntas de comprobación.","Miniaplicación interactiva","JavaScript, VS Code, navegador","1,5","1,","Alta","Pendiente"
"UNE4D07","68","Diplomado UneWeb","Programación Full Stack con Python e IA","Nivel 4 — JavaScript Nivel I","Octubre 2026 · Día 7","7","Clase diaria 7: Ejercicio guiado de tipos de datos y conversión de valores","Comprender y aplicar ejercicio guiado de tipos de datos y conversión de valores dentro del objetivo del Nivel 4.","Ejercicio guiado de tipos de datos y conversión de valores","Realizar un ejemplo guiado de ejercicio guiado de tipos de datos y conversión de valores.","Resolver una práctica corta y responder preguntas de comprobación.","Miniaplicación interactiva","JavaScript, VS Code, navegador","1,5","1,","Alta","Pendiente"
"UNE4D08","69","Diplomado UneWeb","Programación Full Stack con Python e IA","Nivel 4 — JavaScript Nivel I","Octubre 2026 · Día 8","8","Clase diaria 8: Práctica P1: validación de un formulario con ventanas emergentes","Completar la práctica p1: validación de un formulario con ventanas emergentes y demostrar los conocimientos acumulados.","Práctica P1: validación de un formulario con ventanas emergentes","Desarrollar paso a paso la práctica p1: validación de un formulario con ventanas emergentes.","Entregar la evidencia funcional de la práctica p1: validación de un formulario con ventanas emergentes.","Miniaplicación interactiva","JavaScript, VS Code, navegador","1,5","1,","Alta","Pendiente"
"UNE4D09","70","Diplomado UneWeb","Programación Full Stack con Python e IA","Nivel 4 — JavaScript Nivel I","Octubre 2026 · Día 9","9","Clase diaria 9: Fundamentos de operadores aritméticos, relacionales y lógicos","Comprender y aplicar fundamentos de operadores aritméticos, relacionales y lógicos dentro del objetivo del Nivel 4.","Fundamentos de operadores aritméticos, relacionales y lógicos","Realizar un ejemplo guiado de fundamentos de operadores aritméticos, relacionales y lógicos.","Resolver una práctica corta y responder preguntas de comprobación.","Miniaplicación interactiva","JavaScript, VS Code, navegador","1,5","1,","Alta","Pendiente"
"UNE4D10","71","Diplomado UneWeb","Programación Full Stack con Python e IA","Nivel 4 — JavaScript Nivel I","Octubre 2026 · Día 10","10","Clase diaria 10: Ejercicio guiado de operadores aritméticos, relacionales y lógicos","Comprender y aplicar ejercicio guiado de operadores aritméticos, relacionales y lógicos dentro del objetivo del Nivel 4.","Ejercicio guiado de operadores aritméticos, relacionales y lógicos","Realizar un ejemplo guiado de ejercicio guiado de operadores aritméticos, relacionales y lógicos.","Resolver una práctica corta y responder preguntas de comprobación.","Miniaplicación interactiva","JavaScript, VS Code, navegador","1,5","1,","Alta","Pendiente"
"UNE4D11","72","Diplomado UneWeb","Programación Full Stack con Python e IA","Nivel 4 — JavaScript Nivel I","Octubre 2026 · Día 11","11","Clase diaria 11: Fundamentos de ventanas alert, confirm y prompt","Comprender y aplicar fundamentos de ventanas alert, confirm y prompt dentro del objetivo del Nivel 4.","Fundamentos de ventanas alert, confirm y prompt","Realizar un ejemplo guiado de fundamentos de ventanas alert, confirm y prompt.","Resolver una práctica corta y responder preguntas de comprobación.","Miniaplicación interactiva","JavaScript, VS Code, navegador","1,5","1,","Alta","Pendiente"
"UNE4D12","73","Diplomado UneWeb","Programación Full Stack con Python e IA","Nivel 4 — JavaScript Nivel I","Octubre 2026 · Día 12","12","Clase diaria 12: Ejercicio guiado de ventanas alert, confirm y prompt","Comprender y aplicar ejercicio guiado de ventanas alert, confirm y prompt dentro del objetivo del Nivel 4.","Ejercicio guiado de ventanas alert, confirm y prompt","Realizar un ejemplo guiado de ejercicio guiado de ventanas alert, confirm y prompt.","Resolver una práctica corta y responder preguntas de comprobación.","Miniaplicación interactiva","JavaScript, VS Code, navegador","1,5","1,","Alta","Pendiente"
"UNE4D13","74","Diplomado UneWeb","Programación Full Stack con Python e IA","Nivel 4 — JavaScript Nivel I","Octubre 2026 · Día 13","13","Clase diaria 13: Práctica P2: calculadora con condicionales y operador ternario","Completar la práctica p2: calculadora con condicionales y operador ternario y demostrar los conocimientos acumulados.","Práctica P2: calculadora con condicionales y operador ternario","Desarrollar paso a paso la práctica p2: calculadora con condicionales y operador ternario.","Entregar la evidencia funcional de la práctica p2: calculadora con condicionales y operador ternario.","Miniaplicación interactiva","JavaScript, VS Code, navegador","1,5","1,","Alta","Pendiente"
"UNE4D14","75","Diplomado UneWeb","Programación Full Stack con Python e IA","Nivel 4 — JavaScript Nivel I","Octubre 2026 · Día 14","14","Clase diaria 14: Fundamentos de condicionales if, else if y else","Comprender y aplicar fundamentos de condicionales if, else if y else dentro del objetivo del Nivel 4.","Fundamentos de condicionales if, else if y else","Realizar un ejemplo guiado de fundamentos de condicionales if, else if y else.","Resolver una práctica corta y responder preguntas de comprobación.","Miniaplicación interactiva","JavaScript, VS Code, navegador","1,5","1,","Alta","Pendiente"
"UNE4D15","76","Diplomado UneWeb","Programación Full Stack con Python e IA","Nivel 4 — JavaScript Nivel I","Octubre 2026 · Día 15","15","Clase diaria 15: Ejercicio guiado de condicionales if, else if y else","Comprender y aplicar ejercicio guiado de condicionales if, else if y else dentro del objetivo del Nivel 4.","Ejercicio guiado de condicionales if, else if y else","Realizar un ejemplo guiado de ejercicio guiado de condicionales if, else if y else.","Resolver una práctica corta y responder preguntas de comprobación.","Miniaplicación interactiva","JavaScript, VS Code, navegador","1,5","1,","Alta","Pendiente"
"UNE4D16","77","Diplomado UneWeb","Programación Full Stack con Python e IA","Nivel 4 — JavaScript Nivel I","Octubre 2026 · Día 16","16","Clase diaria 16: Fundamentos de operador ternario","Comprender y aplicar fundamentos de operador ternario dentro del objetivo del Nivel 4.","Fundamentos de operador ternario","Realizar un ejemplo guiado de fundamentos de operador ternario.","Resolver una práctica corta y responder preguntas de comprobación.","Miniaplicación interactiva","JavaScript, VS Code, navegador","1,5","1,","Alta","Pendiente"
"UNE4D17","78","Diplomado UneWeb","Programación Full Stack con Python e IA","Nivel 4 — JavaScript Nivel I","Octubre 2026 · Día 17","17","Clase diaria 17: Ejercicio guiado de operador ternario","Comprender y aplicar ejercicio guiado de operador ternario dentro del objetivo del Nivel 4.","Ejercicio guiado de operador ternario","Realizar un ejemplo guiado de ejercicio guiado de operador ternario.","Resolver una práctica corta y responder preguntas de comprobación.","Miniaplicación interactiva","JavaScript, VS Code, navegador","1,5","1,","Alta","Pendiente"
"UNE4D18","79","Diplomado UneWeb","Programación Full Stack con Python e IA","Nivel 4 — JavaScript Nivel I","Octubre 2026 · Día 18","18","Clase diaria 18: Fundamentos de ciclo for","Comprender y aplicar fundamentos de ciclo for dentro del objetivo del Nivel 4.","Fundamentos de ciclo for","Realizar un ejemplo guiado de fundamentos de ciclo for.","Resolver una práctica corta y responder preguntas de comprobación.","Miniaplicación interactiva","JavaScript, VS Code, navegador","1,5","1,","Alta","Pendiente"
"UNE4D19","80","Diplomado UneWeb","Programación Full Stack con Python e IA","Nivel 4 — JavaScript Nivel I","Octubre 2026 · Día 19","19","Clase diaria 19: Ejercicio guiado de ciclo for","Comprender y aplicar ejercicio guiado de ciclo for dentro del objetivo del Nivel 4.","Ejercicio guiado de ciclo for","Realizar un ejemplo guiado de ejercicio guiado de ciclo for.","Resolver una práctica corta y responder preguntas de comprobación.","Miniaplicación interactiva","JavaScript, VS Code, navegador","1,5","1,","Alta","Pendiente"
"UNE4D20","81","Diplomado UneWeb","Programación Full Stack con Python e IA","Nivel 4 — JavaScript Nivel I","Octubre 2026 · Día 20","20","Clase diaria 20: Práctica P3: programa iterativo de manipulación de arreglos","Completar la práctica p3: programa iterativo de manipulación de arreglos y demostrar los conocimientos acumulados.","Práctica P3: programa iterativo de manipulación de arreglos","Desarrollar paso a paso la práctica p3: programa iterativo de manipulación de arreglos.","Entregar la evidencia funcional de la práctica p3: programa iterativo de manipulación de arreglos.","Miniaplicación interactiva","JavaScript, VS Code, navegador","1,5","1,","Alta","Pendiente"
"UNE4D21","82","Diplomado UneWeb","Programación Full Stack con Python e IA","Nivel 4 — JavaScript Nivel I","Octubre 2026 · Día 21","21","Clase diaria 21: Fundamentos de ciclos while y do-while","Comprender y aplicar fundamentos de ciclos while y do-while dentro del objetivo del Nivel 4.","Fundamentos de ciclos while y do-while","Realizar un ejemplo guiado de fundamentos de ciclos while y do-while.","Resolver una práctica corta y responder preguntas de comprobación.","Miniaplicación interactiva","JavaScript, VS Code, navegador","1,5","1,","Alta","Pendiente"
"UNE4D22","83","Diplomado UneWeb","Programación Full Stack con Python e IA","Nivel 4 — JavaScript Nivel I","Octubre 2026 · Día 22","22","Clase diaria 22: Ejercicio guiado de ciclos while y do-while","Comprender y aplicar ejercicio guiado de ciclos while y do-while dentro del objetivo del Nivel 4.","Ejercicio guiado de ciclos while y do-while","Realizar un ejemplo guiado de ejercicio guiado de ciclos while y do-while.","Resolver una práctica corta y responder preguntas de comprobación.","Miniaplicación interactiva","JavaScript, VS Code, navegador","1,5","1,","Alta","Pendiente"
"UNE4D23","84","Diplomado UneWeb","Programación Full Stack con Python e IA","Nivel 4 — JavaScript Nivel I","Octubre 2026 · Día 23","23","Clase diaria 23: Fundamentos de arreglos: declaración, índices y recorrido","Comprender y aplicar fundamentos de arreglos: declaración, índices y recorrido dentro del objetivo del Nivel 4.","Fundamentos de arreglos: declaración, índices y recorrido","Realizar un ejemplo guiado de fundamentos de arreglos: declaración, índices y recorrido.","Resolver una práctica corta y responder preguntas de comprobación.","Miniaplicación interactiva","JavaScript, VS Code, navegador","1,5","1,","Alta","Pendiente"
"UNE4D24","85","Diplomado UneWeb","Programación Full Stack con Python e IA","Nivel 4 — JavaScript Nivel I","Octubre 2026 · Día 24","24","Clase diaria 24: Ejercicio guiado de arreglos: declaración, índices y recorrido","Comprender y aplicar ejercicio guiado de arreglos: declaración, índices y recorrido dentro del objetivo del Nivel 4.","Ejercicio guiado de arreglos: declaración, índices y recorrido","Realizar un ejemplo guiado de ejercicio guiado de arreglos: declaración, índices y recorrido.","Resolver una práctica corta y responder preguntas de comprobación.","Miniaplicación interactiva","JavaScript, VS Code, navegador","1,5","1,","Alta","Pendiente"
"UNE4D25","86","Diplomado UneWeb","Programación Full Stack con Python e IA","Nivel 4 — JavaScript Nivel I","Octubre 2026 · Día 25","25","Clase diaria 25: Práctica P4: funciones reutilizables con paso de argumentos","Completar la práctica p4: funciones reutilizables con paso de argumentos y demostrar los conocimientos acumulados.","Práctica P4: funciones reutilizables con paso de argumentos","Desarrollar paso a paso la práctica p4: funciones reutilizables con paso de argumentos.","Entregar la evidencia funcional de la práctica p4: funciones reutilizables con paso de argumentos.","Miniaplicación interactiva","JavaScript, VS Code, navegador","1,5","1,","Alta","Pendiente"
"UNE4D26","87","Diplomado UneWeb","Programación Full Stack con Python e IA","Nivel 4 — JavaScript Nivel I","Octubre 2026 · Día 26","26","Clase diaria 26: Fundamentos de métodos push, pop y splice","Comprender y aplicar fundamentos de métodos push, pop y splice dentro del objetivo del Nivel 4.","Fundamentos de métodos push, pop y splice","Realizar un ejemplo guiado de fundamentos de métodos push, pop y splice.","Resolver una práctica corta y responder preguntas de comprobación.","Miniaplicación interactiva","JavaScript, VS Code, navegador","1,5","1,","Alta","Pendiente"
"UNE4D27","88","Diplomado UneWeb","Programación Full Stack con Python e IA","Nivel 4 — JavaScript Nivel I","Octubre 2026 · Día 27","27","Clase diaria 27: Ejercicio guiado de métodos push, pop y splice","Comprender y aplicar ejercicio guiado de métodos push, pop y splice dentro del objetivo del Nivel 4.","Ejercicio guiado de métodos push, pop y splice","Realizar un ejemplo guiado de ejercicio guiado de métodos push, pop y splice.","Resolver una práctica corta y responder preguntas de comprobación.","Miniaplicación interactiva","JavaScript, VS Code, navegador","1,5","1,","Alta","Pendiente"
"UNE4D28","89","Diplomado UneWeb","Programación Full Stack con Python e IA","Nivel 4 — JavaScript Nivel I","Octubre 2026 · Día 28","28","Clase diaria 28: Fundamentos de funciones, parámetros y retorno","Comprender y aplicar fundamentos de funciones, parámetros y retorno dentro del objetivo del Nivel 4.","Fundamentos de funciones, parámetros y retorno","Realizar un ejemplo guiado de fundamentos de funciones, parámetros y retorno.","Resolver una práctica corta y responder preguntas de comprobación.","Miniaplicación interactiva","JavaScript, VS Code, navegador","1,5","1,","Alta","Pendiente"
"UNE4D29","90","Diplomado UneWeb","Programación Full Stack con Python e IA","Nivel 4 — JavaScript Nivel I","Octubre 2026 · Día 29","29","Clase diaria 29: Fundamentos de Document Object Model: selección y modificación de elementos","Comprender y aplicar fundamentos de document object model: selección y modificación de elementos dentro del objetivo del Nivel 4.","Fundamentos de Document Object Model: selección y modificación de elementos","Realizar un ejemplo guiado de fundamentos de document object model: selección y modificación de elementos.","Resolver una práctica corta y responder preguntas de comprobación.","Miniaplicación interactiva","JavaScript, VS Code, navegador","1,5","1,","Alta","Pendiente"
"UNE4D30","91","Diplomado UneWeb","Programación Full Stack con Python e IA","Nivel 4 — JavaScript Nivel I","Octubre 2026 · Día 30","30","Clase diaria 30: Práctica P5: proyecto de mini-aplicación interactiva con el DOM","Completar la práctica p5: proyecto de mini-aplicación interactiva con el dom y demostrar los conocimientos acumulados.","Práctica P5: proyecto de mini-aplicación interactiva con el DOM","Desarrollar paso a paso la práctica p5: proyecto de mini-aplicación interactiva con el dom.","Entregar la evidencia funcional de la práctica p5: proyecto de mini-aplicación interactiva con el dom.","Miniaplicación interactiva","JavaScript, VS Code, navegador","1,5","1,","Alta","Pendiente"
"UNE4D31","92","Diplomado UneWeb","Programación Full Stack con Python e IA","Nivel 4 — JavaScript Nivel I","Octubre 2026 · Día 31","31","Clase diaria 31: Evaluación integral, corrección de errores y cierre del Nivel 4","Comprender y aplicar evaluación integral, corrección de errores y cierre del nivel 4 dentro del objetivo del Nivel 4.","Evaluación integral, corrección de errores y cierre del Nivel 4","Realizar un ejemplo guiado de evaluación integral, corrección de errores y cierre del nivel 4.","Resolver una práctica corta y responder preguntas de comprobación.","Miniaplicación interactiva","JavaScript, VS Code, navegador","1,5","1,","Alta","Pendiente"
"UNE5D01","93","Diplomado UneWeb","Programación Full Stack con Python e IA","Nivel 5 — JavaScript Nivel II","Noviembre 2026 · Día 1","1","Clase diaria 1: Introducción al Nivel 5: objetivos, herramientas y proyecto del mes","Comprender y aplicar introducción al nivel 5: objetivos, herramientas y proyecto del mes dentro del objetivo del Nivel 5.","Introducción al Nivel 5: objetivos, herramientas y proyecto del mes","Realizar un ejemplo guiado de introducción al nivel 5: objetivos, herramientas y proyecto del mes.","Resolver una práctica corta y responder preguntas de comprobación.","Aplicación JavaScript persistente","JavaScript, APIs, VS Code, navegador","1,5","1,","Alta","Pendiente"
"UNE5D02","94","Diplomado UneWeb","Programación Full Stack con Python e IA","Nivel 5 — JavaScript Nivel II","Noviembre 2026 · Día 2","2","Clase diaria 2: Fundamentos de funciones flecha","Comprender y aplicar fundamentos de funciones flecha dentro del objetivo del Nivel 5.","Fundamentos de funciones flecha","Realizar un ejemplo guiado de fundamentos de funciones flecha.","Resolver una práctica corta y responder preguntas de comprobación.","Aplicación JavaScript persistente","JavaScript, APIs, VS Code, navegador","1,5","1,","Alta","Pendiente"
"UNE5D03","95","Diplomado UneWeb","Programación Full Stack con Python e IA","Nivel 5 — JavaScript Nivel II","Noviembre 2026 · Día 3","3","Clase diaria 3: Ejercicio guiado de funciones flecha","Comprender y aplicar ejercicio guiado de funciones flecha dentro del objetivo del Nivel 5.","Ejercicio guiado de funciones flecha","Realizar un ejemplo guiado de ejercicio guiado de funciones flecha.","Resolver una práctica corta y responder preguntas de comprobación.","Aplicación JavaScript persistente","JavaScript, APIs, VS Code, navegador","1,5","1,","Alta","Pendiente"
"UNE5D04","96","Diplomado UneWeb","Programación Full Stack con Python e IA","Nivel 5 — JavaScript Nivel II","Noviembre 2026 · Día 4","4","Clase diaria 4: Fundamentos de funciones anónimas y callbacks","Comprender y aplicar fundamentos de funciones anónimas y callbacks dentro del objetivo del Nivel 5.","Fundamentos de funciones anónimas y callbacks","Realizar un ejemplo guiado de fundamentos de funciones anónimas y callbacks.","Resolver una práctica corta y responder preguntas de comprobación.","Aplicación JavaScript persistente","JavaScript, APIs, VS Code, navegador","1,5","1,","Alta","Pendiente"
"UNE5D05","97","Diplomado UneWeb","Programación Full Stack con Python e IA","Nivel 5 — JavaScript Nivel II","Noviembre 2026 · Día 5","5","Clase diaria 5: Ejercicio guiado de funciones anónimas y callbacks","Comprender y aplicar ejercicio guiado de funciones anónimas y callbacks dentro del objetivo del Nivel 5.","Ejercicio guiado de funciones anónimas y callbacks","Realizar un ejemplo guiado de ejercicio guiado de funciones anónimas y callbacks.","Resolver una práctica corta y responder preguntas de comprobación.","Aplicación JavaScript persistente","JavaScript, APIs, VS Code, navegador","1,5","1,","Alta","Pendiente"
"UNE5D06","98","Diplomado UneWeb","Programación Full Stack con Python e IA","Nivel 5 — JavaScript Nivel II","Noviembre 2026 · Día 6","6","Clase diaria 6: Fundamentos de funciones recursivas","Comprender y aplicar fundamentos de funciones recursivas dentro del objetivo del Nivel 5.","Fundamentos de funciones recursivas","Realizar un ejemplo guiado de fundamentos de funciones recursivas.","Resolver una práctica corta y responder preguntas de comprobación.","Aplicación JavaScript persistente","JavaScript, APIs, VS Code, navegador","1,5","1,","Alta","Pendiente"
"UNE5D07","99","Diplomado UneWeb","Programación Full Stack con Python e IA","Nivel 5 — JavaScript Nivel II","Noviembre 2026 · Día 7","7","Clase diaria 7: Ejercicio guiado de funciones recursivas","Comprender y aplicar ejercicio guiado de funciones recursivas dentro del objetivo del Nivel 5.","Ejercicio guiado de funciones recursivas","Realizar un ejemplo guiado de ejercicio guiado de funciones recursivas.","Resolver una práctica corta y responder preguntas de comprobación.","Aplicación JavaScript persistente","JavaScript, APIs, VS Code, navegador","1,5","1,","Alta","Pendiente"
"UNE5D08","100","Diplomado UneWeb","Programación Full Stack con Python e IA","Nivel 5 — JavaScript Nivel II","Noviembre 2026 · Día 8","8","Clase diaria 8: Práctica P1: refactorización de código usando map(), filter() y reduce()","Completar la práctica p1: refactorización de código usando map(), filter() y reduce() y demostrar los conocimientos acumulados.","Práctica P1: refactorización de código usando map(), filter() y reduce()","Desarrollar paso a paso la práctica p1: refactorización de código usando map(), filter() y reduce().","Entregar la evidencia funcional de la práctica p1: refactorización de código usando map(), filter() y reduce().","Aplicación JavaScript persistente","JavaScript, APIs, VS Code, navegador","1,5","1,","Alta","Pendiente"
"UNE5D09","101","Diplomado UneWeb","Programación Full Stack con Python e IA","Nivel 5 — JavaScript Nivel II","Noviembre 2026 · Día 9","9","Clase diaria 9: Fundamentos de creación y manipulación de objetos","Comprender y aplicar fundamentos de creación y manipulación de objetos dentro del objetivo del Nivel 5.","Fundamentos de creación y manipulación de objetos","Realizar un ejemplo guiado de fundamentos de creación y manipulación de objetos.","Resolver una práctica corta y responder preguntas de comprobación.","Aplicación JavaScript persistente","JavaScript, APIs, VS Code, navegador","1,5","1,","Alta","Pendiente"
"UNE5D10","102","Diplomado UneWeb","Programación Full Stack con Python e IA","Nivel 5 — JavaScript Nivel II","Noviembre 2026 · Día 10","10","Clase diaria 10: Ejercicio guiado de creación y manipulación de objetos","Comprender y aplicar ejercicio guiado de creación y manipulación de objetos dentro del objetivo del Nivel 5.","Ejercicio guiado de creación y manipulación de objetos","Realizar un ejemplo guiado de ejercicio guiado de creación y manipulación de objetos.","Resolver una práctica corta y responder preguntas de comprobación.","Aplicación JavaScript persistente","JavaScript, APIs, VS Code, navegador","1,5","1,","Alta","Pendiente"
"UNE5D11","103","Diplomado UneWeb","Programación Full Stack con Python e IA","Nivel 5 — JavaScript Nivel II","Noviembre 2026 · Día 11","11","Clase diaria 11: Fundamentos de método map()","Comprender y aplicar fundamentos de método map() dentro del objetivo del Nivel 5.","Fundamentos de método map()","Realizar un ejemplo guiado de fundamentos de método map().","Resolver una práctica corta y responder preguntas de comprobación.","Aplicación JavaScript persistente","JavaScript, APIs, VS Code, navegador","1,5","1,","Alta","Pendiente"
"UNE5D12","104","Diplomado UneWeb","Programación Full Stack con Python e IA","Nivel 5 — JavaScript Nivel II","Noviembre 2026 · Día 12","12","Clase diaria 12: Ejercicio guiado de método map()","Comprender y aplicar ejercicio guiado de método map() dentro del objetivo del Nivel 5.","Ejercicio guiado de método map()","Realizar un ejemplo guiado de ejercicio guiado de método map().","Resolver una práctica corta y responder preguntas de comprobación.","Aplicación JavaScript persistente","JavaScript, APIs, VS Code, navegador","1,5","1,","Alta","Pendiente"
"UNE5D13","105","Diplomado UneWeb","Programación Full Stack con Python e IA","Nivel 5 — JavaScript Nivel II","Noviembre 2026 · Día 13","13","Clase diaria 13: Fundamentos de método filter()","Comprender y aplicar fundamentos de método filter() dentro del objetivo del Nivel 5.","Fundamentos de método filter()","Realizar un ejemplo guiado de fundamentos de método filter().","Resolver una práctica corta y responder preguntas de comprobación.","Aplicación JavaScript persistente","JavaScript, APIs, VS Code, navegador","1,5","1,","Alta","Pendiente"
"UNE5D14","106","Diplomado UneWeb","Programación Full Stack con Python e IA","Nivel 5 — JavaScript Nivel II","Noviembre 2026 · Día 14","14","Clase diaria 14: Ejercicio guiado de método filter()","Comprender y aplicar ejercicio guiado de método filter() dentro del objetivo del Nivel 5.","Ejercicio guiado de método filter()","Realizar un ejemplo guiado de ejercicio guiado de método filter().","Resolver una práctica corta y responder preguntas de comprobación.","Aplicación JavaScript persistente","JavaScript, APIs, VS Code, navegador","1,5","1,","Alta","Pendiente"
"UNE5D15","107","Diplomado UneWeb","Programación Full Stack con Python e IA","Nivel 5 — JavaScript Nivel II","Noviembre 2026 · Día 15","15","Clase diaria 15: Práctica P2: aplicación con eventos de teclado, ratón y formulario","Completar la práctica p2: aplicación con eventos de teclado, ratón y formulario y demostrar los conocimientos acumulados.","Práctica P2: aplicación con eventos de teclado, ratón y formulario","Desarrollar paso a paso la práctica p2: aplicación con eventos de teclado, ratón y formulario.","Entregar la evidencia funcional de la práctica p2: aplicación con eventos de teclado, ratón y formulario.","Aplicación JavaScript persistente","JavaScript, APIs, VS Code, navegador","1,5","1,","Alta","Pendiente"
"UNE5D16","108","Diplomado UneWeb","Programación Full Stack con Python e IA","Nivel 5 — JavaScript Nivel II","Noviembre 2026 · Día 16","16","Clase diaria 16: Fundamentos de método reduce()","Comprender y aplicar fundamentos de método reduce() dentro del objetivo del Nivel 5.","Fundamentos de método reduce()","Realizar un ejemplo guiado de fundamentos de método reduce().","Resolver una práctica corta y responder preguntas de comprobación.","Aplicación JavaScript persistente","JavaScript, APIs, VS Code, navegador","1,5","1,","Alta","Pendiente"
"UNE5D17","109","Diplomado UneWeb","Programación Full Stack con Python e IA","Nivel 5 — JavaScript Nivel II","Noviembre 2026 · Día 17","17","Clase diaria 17: Ejercicio guiado de método reduce()","Comprender y aplicar ejercicio guiado de método reduce() dentro del objetivo del Nivel 5.","Ejercicio guiado de método reduce()","Realizar un ejemplo guiado de ejercicio guiado de método reduce().","Resolver una práctica corta y responder preguntas de comprobación.","Aplicación JavaScript persistente","JavaScript, APIs, VS Code, navegador","1,5","1,","Alta","Pendiente"
"UNE5D18","110","Diplomado UneWeb","Programación Full Stack con Python e IA","Nivel 5 — JavaScript Nivel II","Noviembre 2026 · Día 18","18","Clase diaria 18: Fundamentos de eventos de teclado, ratón y formularios","Comprender y aplicar fundamentos de eventos de teclado, ratón y formularios dentro del objetivo del Nivel 5.","Fundamentos de eventos de teclado, ratón y formularios","Realizar un ejemplo guiado de fundamentos de eventos de teclado, ratón y formularios.","Resolver una práctica corta y responder preguntas de comprobación.","Aplicación JavaScript persistente","JavaScript, APIs, VS Code, navegador","1,5","1,","Alta","Pendiente"
"UNE5D19","111","Diplomado UneWeb","Programación Full Stack con Python e IA","Nivel 5 — JavaScript Nivel II","Noviembre 2026 · Día 19","19","Clase diaria 19: Ejercicio guiado de eventos de teclado, ratón y formularios","Comprender y aplicar ejercicio guiado de eventos de teclado, ratón y formularios dentro del objetivo del Nivel 5.","Ejercicio guiado de eventos de teclado, ratón y formularios","Realizar un ejemplo guiado de ejercicio guiado de eventos de teclado, ratón y formularios.","Resolver una práctica corta y responder preguntas de comprobación.","Aplicación JavaScript persistente","JavaScript, APIs, VS Code, navegador","1,5","1,","Alta","Pendiente"
"UNE5D20","112","Diplomado UneWeb","Programación Full Stack con Python e IA","Nivel 5 — JavaScript Nivel II","Noviembre 2026 · Día 20","20","Clase diaria 20: Práctica P3: consumo de una API externa con async/await","Completar la práctica p3: consumo de una api externa con async/await y demostrar los conocimientos acumulados.","Práctica P3: consumo de una API externa con async/await","Desarrollar paso a paso la práctica p3: consumo de una api externa con async/await.","Entregar la evidencia funcional de la práctica p3: consumo de una api externa con async/await.","Aplicación JavaScript persistente","JavaScript, APIs, VS Code, navegador","1,5","1,","Alta","Pendiente"
"UNE5D21","113","Diplomado UneWeb","Programación Full Stack con Python e IA","Nivel 5 — JavaScript Nivel II","Noviembre 2026 · Día 21","21","Clase diaria 21: Fundamentos de promesas con then y catch","Comprender y aplicar fundamentos de promesas con then y catch dentro del objetivo del Nivel 5.","Fundamentos de promesas con then y catch","Realizar un ejemplo guiado de fundamentos de promesas con then y catch.","Resolver una práctica corta y responder preguntas de comprobación.","Aplicación JavaScript persistente","JavaScript, APIs, VS Code, navegador","1,5","1,","Alta","Pendiente"
"UNE5D22","114","Diplomado UneWeb","Programación Full Stack con Python e IA","Nivel 5 — JavaScript Nivel II","Noviembre 2026 · Día 22","22","Clase diaria 22: Ejercicio guiado de promesas con then y catch","Comprender y aplicar ejercicio guiado de promesas con then y catch dentro del objetivo del Nivel 5.","Ejercicio guiado de promesas con then y catch","Realizar un ejemplo guiado de ejercicio guiado de promesas con then y catch.","Resolver una práctica corta y responder preguntas de comprobación.","Aplicación JavaScript persistente","JavaScript, APIs, VS Code, navegador","1,5","1,","Alta","Pendiente"
"UNE5D23","115","Diplomado UneWeb","Programación Full Stack con Python e IA","Nivel 5 — JavaScript Nivel II","Noviembre 2026 · Día 23","23","Clase diaria 23: Fundamentos de async y await","Comprender y aplicar fundamentos de async y await dentro del objetivo del Nivel 5.","Fundamentos de async y await","Realizar un ejemplo guiado de fundamentos de async y await.","Resolver una práctica corta y responder preguntas de comprobación.","Aplicación JavaScript persistente","JavaScript, APIs, VS Code, navegador","1,5","1,","Alta","Pendiente"
"UNE5D24","116","Diplomado UneWeb","Programación Full Stack con Python e IA","Nivel 5 — JavaScript Nivel II","Noviembre 2026 · Día 24","24","Clase diaria 24: Ejercicio guiado de async y await","Comprender y aplicar ejercicio guiado de async y await dentro del objetivo del Nivel 5.","Ejercicio guiado de async y await","Realizar un ejemplo guiado de ejercicio guiado de async y await.","Resolver una práctica corta y responder preguntas de comprobación.","Aplicación JavaScript persistente","JavaScript, APIs, VS Code, navegador","1,5","1,","Alta","Pendiente"
"UNE5D25","117","Diplomado UneWeb","Programación Full Stack con Python e IA","Nivel 5 — JavaScript Nivel II","Noviembre 2026 · Día 25","25","Clase diaria 25: Fundamentos de manejo de errores con try, catch y finally","Comprender y aplicar fundamentos de manejo de errores con try, catch y finally dentro del objetivo del Nivel 5.","Fundamentos de manejo de errores con try, catch y finally","Realizar un ejemplo guiado de fundamentos de manejo de errores con try, catch y finally.","Resolver una práctica corta y responder preguntas de comprobación.","Aplicación JavaScript persistente","JavaScript, APIs, VS Code, navegador","1,5","1,","Alta","Pendiente"
"UNE5D26","118","Diplomado UneWeb","Programación Full Stack con Python e IA","Nivel 5 — JavaScript Nivel II","Noviembre 2026 · Día 26","26","Clase diaria 26: Práctica P4: sistema de clases con herencia en JavaScript","Completar la práctica p4: sistema de clases con herencia en javascript y demostrar los conocimientos acumulados.","Práctica P4: sistema de clases con herencia en JavaScript","Desarrollar paso a paso la práctica p4: sistema de clases con herencia en javascript.","Entregar la evidencia funcional de la práctica p4: sistema de clases con herencia en javascript.","Aplicación JavaScript persistente","JavaScript, APIs, VS Code, navegador","1,5","1,","Alta","Pendiente"
"UNE5D27","119","Diplomado UneWeb","Programación Full Stack con Python e IA","Nivel 5 — JavaScript Nivel II","Noviembre 2026 · Día 27","27","Clase diaria 27: Fundamentos de clases y constructores","Comprender y aplicar fundamentos de clases y constructores dentro del objetivo del Nivel 5.","Fundamentos de clases y constructores","Realizar un ejemplo guiado de fundamentos de clases y constructores.","Resolver una práctica corta y responder preguntas de comprobación.","Aplicación JavaScript persistente","JavaScript, APIs, VS Code, navegador","1,5","1,","Alta","Pendiente"
"UNE5D28","120","Diplomado UneWeb","Programación Full Stack con Python e IA","Nivel 5 — JavaScript Nivel II","Noviembre 2026 · Día 28","28","Clase diaria 28: Fundamentos de herencia y reutilización de clases","Comprender y aplicar fundamentos de herencia y reutilización de clases dentro del objetivo del Nivel 5.","Fundamentos de herencia y reutilización de clases","Realizar un ejemplo guiado de fundamentos de herencia y reutilización de clases.","Resolver una práctica corta y responder preguntas de comprobación.","Aplicación JavaScript persistente","JavaScript, APIs, VS Code, navegador","1,5","1,","Alta","Pendiente"
"UNE5D29","121","Diplomado UneWeb","Programación Full Stack con Python e IA","Nivel 5 — JavaScript Nivel II","Noviembre 2026 · Día 29","29","Clase diaria 29: Fundamentos de persistencia con LocalStorage","Comprender y aplicar fundamentos de persistencia con localstorage dentro del objetivo del Nivel 5.","Fundamentos de persistencia con LocalStorage","Realizar un ejemplo guiado de fundamentos de persistencia con localstorage.","Resolver una práctica corta y responder preguntas de comprobación.","Aplicación JavaScript persistente","JavaScript, APIs, VS Code, navegador","1,5","1,","Alta","Pendiente"
"UNE5D30","122","Diplomado UneWeb","Programación Full Stack con Python e IA","Nivel 5 — JavaScript Nivel II","Noviembre 2026 · Día 30","30","Clase diaria 30: Práctica P5: proyecto de aplicación con persistencia en LocalStorage","Completar la práctica p5: proyecto de aplicación con persistencia en localstorage y demostrar los conocimientos acumulados.","Práctica P5: proyecto de aplicación con persistencia en LocalStorage","Desarrollar paso a paso la práctica p5: proyecto de aplicación con persistencia en localstorage.","Entregar la evidencia funcional de la práctica p5: proyecto de aplicación con persistencia en localstorage.","Aplicación JavaScript persistente","JavaScript, APIs, VS Code, navegador","1,5","1,","Alta","Pendiente"
"UNE6D01","123","Diplomado UneWeb","Programación Full Stack con Python e IA","Nivel 6 — MySQL","Diciembre 2026 · Día 1","1","Clase diaria 1: Introducción al Nivel 6: objetivos, herramientas y proyecto del mes","Comprender y aplicar introducción al nivel 6: objetivos, herramientas y proyecto del mes dentro del objetivo del Nivel 6.","Introducción al Nivel 6: objetivos, herramientas y proyecto del mes","Realizar un ejemplo guiado de introducción al nivel 6: objetivos, herramientas y proyecto del mes.","Resolver una práctica corta y responder preguntas de comprobación.","Base de datos para aplicación real","MySQL, MySQL Workbench, SQL","1,5","1,","Alta","Pendiente"
"UNE6D02","124","Diplomado UneWeb","Programación Full Stack con Python e IA","Nivel 6 — MySQL","Diciembre 2026 · Día 2","2","Clase diaria 2: Fundamentos de modelo relacional y diseño de una base de datos","Comprender y aplicar fundamentos de modelo relacional y diseño de una base de datos dentro del objetivo del Nivel 6.","Fundamentos de modelo relacional y diseño de una base de datos","Realizar un ejemplo guiado de fundamentos de modelo relacional y diseño de una base de datos.","Resolver una práctica corta y responder preguntas de comprobación.","Base de datos para aplicación real","MySQL, MySQL Workbench, SQL","1,5","1,","Alta","Pendiente"
"UNE6D03","125","Diplomado UneWeb","Programación Full Stack con Python e IA","Nivel 6 — MySQL","Diciembre 2026 · Día 3","3","Clase diaria 3: Ejercicio guiado de modelo relacional y diseño de una base de datos","Comprender y aplicar ejercicio guiado de modelo relacional y diseño de una base de datos dentro del objetivo del Nivel 6.","Ejercicio guiado de modelo relacional y diseño de una base de datos","Realizar un ejemplo guiado de ejercicio guiado de modelo relacional y diseño de una base de datos.","Resolver una práctica corta y responder preguntas de comprobación.","Base de datos para aplicación real","MySQL, MySQL Workbench, SQL","1,5","1,","Alta","Pendiente"
"UNE6D04","126","Diplomado UneWeb","Programación Full Stack con Python e IA","Nivel 6 — MySQL","Diciembre 2026 · Día 4","4","Clase diaria 4: Fundamentos de creación de bases de datos","Comprender y aplicar fundamentos de creación de bases de datos dentro del objetivo del Nivel 6.","Fundamentos de creación de bases de datos","Realizar un ejemplo guiado de fundamentos de creación de bases de datos.","Resolver una práctica corta y responder preguntas de comprobación.","Base de datos para aplicación real","MySQL, MySQL Workbench, SQL","1,5","1,","Alta","Pendiente"
"UNE6D05","127","Diplomado UneWeb","Programación Full Stack con Python e IA","Nivel 6 — MySQL","Diciembre 2026 · Día 5","5","Clase diaria 5: Ejercicio guiado de creación de bases de datos","Comprender y aplicar ejercicio guiado de creación de bases de datos dentro del objetivo del Nivel 6.","Ejercicio guiado de creación de bases de datos","Realizar un ejemplo guiado de ejercicio guiado de creación de bases de datos.","Resolver una práctica corta y responder preguntas de comprobación.","Base de datos para aplicación real","MySQL, MySQL Workbench, SQL","1,5","1,","Alta","Pendiente"
"UNE6D06","128","Diplomado UneWeb","Programación Full Stack con Python e IA","Nivel 6 — MySQL","Diciembre 2026 · Día 6","6","Clase diaria 6: Fundamentos de creación de tablas y tipos de datos","Comprender y aplicar fundamentos de creación de tablas y tipos de datos dentro del objetivo del Nivel 6.","Fundamentos de creación de tablas y tipos de datos","Realizar un ejemplo guiado de fundamentos de creación de tablas y tipos de datos.","Resolver una práctica corta y responder preguntas de comprobación.","Base de datos para aplicación real","MySQL, MySQL Workbench, SQL","1,5","1,","Alta","Pendiente"
"UNE6D07","129","Diplomado UneWeb","Programación Full Stack con Python e IA","Nivel 6 — MySQL","Diciembre 2026 · Día 7","7","Clase diaria 7: Ejercicio guiado de creación de tablas y tipos de datos","Comprender y aplicar ejercicio guiado de creación de tablas y tipos de datos dentro del objetivo del Nivel 6.","Ejercicio guiado de creación de tablas y tipos de datos","Realizar un ejemplo guiado de ejercicio guiado de creación de tablas y tipos de datos.","Resolver una práctica corta y responder preguntas de comprobación.","Base de datos para aplicación real","MySQL, MySQL Workbench, SQL","1,5","1,","Alta","Pendiente"
"UNE6D08","130","Diplomado UneWeb","Programación Full Stack con Python e IA","Nivel 6 — MySQL","Diciembre 2026 · Día 8","8","Clase diaria 8: Práctica P1: diseño y creación de una base de datos con tablas relacionadas","Completar la práctica p1: diseño y creación de una base de datos con tablas relacionadas y demostrar los conocimientos acumulados.","Práctica P1: diseño y creación de una base de datos con tablas relacionadas","Desarrollar paso a paso la práctica p1: diseño y creación de una base de datos con tablas relacionadas.","Entregar la evidencia funcional de la práctica p1: diseño y creación de una base de datos con tablas relacionadas.","Base de datos para aplicación real","MySQL, MySQL Workbench, SQL","1,5","1,","Alta","Pendiente"
"UNE6D09","131","Diplomado UneWeb","Programación Full Stack con Python e IA","Nivel 6 — MySQL","Diciembre 2026 · Día 9","9","Clase diaria 9: Fundamentos de INSERT y carga de datos","Comprender y aplicar fundamentos de insert y carga de datos dentro del objetivo del Nivel 6.","Fundamentos de INSERT y carga de datos","Realizar un ejemplo guiado de fundamentos de insert y carga de datos.","Resolver una práctica corta y responder preguntas de comprobación.","Base de datos para aplicación real","MySQL, MySQL Workbench, SQL","1,5","1,","Alta","Pendiente"
"UNE6D10","132","Diplomado UneWeb","Programación Full Stack con Python e IA","Nivel 6 — MySQL","Diciembre 2026 · Día 10","10","Clase diaria 10: Ejercicio guiado de INSERT y carga de datos","Comprender y aplicar ejercicio guiado de insert y carga de datos dentro del objetivo del Nivel 6.","Ejercicio guiado de INSERT y carga de datos","Realizar un ejemplo guiado de ejercicio guiado de insert y carga de datos.","Resolver una práctica corta y responder preguntas de comprobación.","Base de datos para aplicación real","MySQL, MySQL Workbench, SQL","1,5","1,","Alta","Pendiente"
"UNE6D11","133","Diplomado UneWeb","Programación Full Stack con Python e IA","Nivel 6 — MySQL","Diciembre 2026 · Día 11","11","Clase diaria 11: Fundamentos de SELECT, filtros y ordenamiento","Comprender y aplicar fundamentos de select, filtros y ordenamiento dentro del objetivo del Nivel 6.","Fundamentos de SELECT, filtros y ordenamiento","Realizar un ejemplo guiado de fundamentos de select, filtros y ordenamiento.","Resolver una práctica corta y responder preguntas de comprobación.","Base de datos para aplicación real","MySQL, MySQL Workbench, SQL","1,5","1,","Alta","Pendiente"
"UNE6D12","134","Diplomado UneWeb","Programación Full Stack con Python e IA","Nivel 6 — MySQL","Diciembre 2026 · Día 12","12","Clase diaria 12: Ejercicio guiado de SELECT, filtros y ordenamiento","Comprender y aplicar ejercicio guiado de select, filtros y ordenamiento dentro del objetivo del Nivel 6.","Ejercicio guiado de SELECT, filtros y ordenamiento","Realizar un ejemplo guiado de ejercicio guiado de select, filtros y ordenamiento.","Resolver una práctica corta y responder preguntas de comprobación.","Base de datos para aplicación real","MySQL, MySQL Workbench, SQL","1,5","1,","Alta","Pendiente"
"UNE6D13","135","Diplomado UneWeb","Programación Full Stack con Python e IA","Nivel 6 — MySQL","Diciembre 2026 · Día 13","13","Clase diaria 13: Fundamentos de UPDATE seguro de registros","Comprender y aplicar fundamentos de update seguro de registros dentro del objetivo del Nivel 6.","Fundamentos de UPDATE seguro de registros","Realizar un ejemplo guiado de fundamentos de update seguro de registros.","Resolver una práctica corta y responder preguntas de comprobación.","Base de datos para aplicación real","MySQL, MySQL Workbench, SQL","1,5","1,","Alta","Pendiente"
"UNE6D14","136","Diplomado UneWeb","Programación Full Stack con Python e IA","Nivel 6 — MySQL","Diciembre 2026 · Día 14","14","Clase diaria 14: Ejercicio guiado de UPDATE seguro de registros","Comprender y aplicar ejercicio guiado de update seguro de registros dentro del objetivo del Nivel 6.","Ejercicio guiado de UPDATE seguro de registros","Realizar un ejemplo guiado de ejercicio guiado de update seguro de registros.","Resolver una práctica corta y responder preguntas de comprobación.","Base de datos para aplicación real","MySQL, MySQL Workbench, SQL","1,5","1,","Alta","Pendiente"
"UNE6D15","137","Diplomado UneWeb","Programación Full Stack con Python e IA","Nivel 6 — MySQL","Diciembre 2026 · Día 15","15","Clase diaria 15: Práctica P2: consultas CRUD completas sobre datos de prueba","Completar la práctica p2: consultas crud completas sobre datos de prueba y demostrar los conocimientos acumulados.","Práctica P2: consultas CRUD completas sobre datos de prueba","Desarrollar paso a paso la práctica p2: consultas crud completas sobre datos de prueba.","Entregar la evidencia funcional de la práctica p2: consultas crud completas sobre datos de prueba.","Base de datos para aplicación real","MySQL, MySQL Workbench, SQL","1,5","1,","Alta","Pendiente"
"UNE6D16","138","Diplomado UneWeb","Programación Full Stack con Python e IA","Nivel 6 — MySQL","Diciembre 2026 · Día 16","16","Clase diaria 16: Fundamentos de DELETE y eliminación controlada","Comprender y aplicar fundamentos de delete y eliminación controlada dentro del objetivo del Nivel 6.","Fundamentos de DELETE y eliminación controlada","Realizar un ejemplo guiado de fundamentos de delete y eliminación controlada.","Resolver una práctica corta y responder preguntas de comprobación.","Base de datos para aplicación real","MySQL, MySQL Workbench, SQL","1,5","1,","Alta","Pendiente"
"UNE6D17","139","Diplomado UneWeb","Programación Full Stack con Python e IA","Nivel 6 — MySQL","Diciembre 2026 · Día 17","17","Clase diaria 17: Ejercicio guiado de DELETE y eliminación controlada","Comprender y aplicar ejercicio guiado de delete y eliminación controlada dentro del objetivo del Nivel 6.","Ejercicio guiado de DELETE y eliminación controlada","Realizar un ejemplo guiado de ejercicio guiado de delete y eliminación controlada.","Resolver una práctica corta y responder preguntas de comprobación.","Base de datos para aplicación real","MySQL, MySQL Workbench, SQL","1,5","1,","Alta","Pendiente"
"UNE6D18","140","Diplomado UneWeb","Programación Full Stack con Python e IA","Nivel 6 — MySQL","Diciembre 2026 · Día 18","18","Clase diaria 18: Fundamentos de claves primarias y autoincremento","Comprender y aplicar fundamentos de claves primarias y autoincremento dentro del objetivo del Nivel 6.","Fundamentos de claves primarias y autoincremento","Realizar un ejemplo guiado de fundamentos de claves primarias y autoincremento.","Resolver una práctica corta y responder preguntas de comprobación.","Base de datos para aplicación real","MySQL, MySQL Workbench, SQL","1,5","1,","Alta","Pendiente"
"UNE6D19","141","Diplomado UneWeb","Programación Full Stack con Python e IA","Nivel 6 — MySQL","Diciembre 2026 · Día 19","19","Clase diaria 19: Ejercicio guiado de claves primarias y autoincremento","Comprender y aplicar ejercicio guiado de claves primarias y autoincremento dentro del objetivo del Nivel 6.","Ejercicio guiado de claves primarias y autoincremento","Realizar un ejemplo guiado de ejercicio guiado de claves primarias y autoincremento.","Resolver una práctica corta y responder preguntas de comprobación.","Base de datos para aplicación real","MySQL, MySQL Workbench, SQL","1,5","1,","Alta","Pendiente"
"UNE6D20","142","Diplomado UneWeb","Programación Full Stack con Python e IA","Nivel 6 — MySQL","Diciembre 2026 · Día 20","20","Clase diaria 20: Práctica P3: procedimiento almacenado y disparador trigger","Completar la práctica p3: procedimiento almacenado y disparador trigger y demostrar los conocimientos acumulados.","Práctica P3: procedimiento almacenado y disparador trigger","Desarrollar paso a paso la práctica p3: procedimiento almacenado y disparador trigger.","Entregar la evidencia funcional de la práctica p3: procedimiento almacenado y disparador trigger.","Base de datos para aplicación real","MySQL, MySQL Workbench, SQL","1,5","1,","Alta","Pendiente"
"UNE6D21","143","Diplomado UneWeb","Programación Full Stack con Python e IA","Nivel 6 — MySQL","Diciembre 2026 · Día 21","21","Clase diaria 21: Fundamentos de claves foráneas e integridad referencial","Comprender y aplicar fundamentos de claves foráneas e integridad referencial dentro del objetivo del Nivel 6.","Fundamentos de claves foráneas e integridad referencial","Realizar un ejemplo guiado de fundamentos de claves foráneas e integridad referencial.","Resolver una práctica corta y responder preguntas de comprobación.","Base de datos para aplicación real","MySQL, MySQL Workbench, SQL","1,5","1,","Alta","Pendiente"
"UNE6D22","144","Diplomado UneWeb","Programación Full Stack con Python e IA","Nivel 6 — MySQL","Diciembre 2026 · Día 22","22","Clase diaria 22: Ejercicio guiado de claves foráneas e integridad referencial","Comprender y aplicar ejercicio guiado de claves foráneas e integridad referencial dentro del objetivo del Nivel 6.","Ejercicio guiado de claves foráneas e integridad referencial","Realizar un ejemplo guiado de ejercicio guiado de claves foráneas e integridad referencial.","Resolver una práctica corta y responder preguntas de comprobación.","Base de datos para aplicación real","MySQL, MySQL Workbench, SQL","1,5","1,","Alta","Pendiente"
"UNE6D23","145","Diplomado UneWeb","Programación Full Stack con Python e IA","Nivel 6 — MySQL","Diciembre 2026 · Día 23","23","Clase diaria 23: Fundamentos de procedimientos almacenados","Comprender y aplicar fundamentos de procedimientos almacenados dentro del objetivo del Nivel 6.","Fundamentos de procedimientos almacenados","Realizar un ejemplo guiado de fundamentos de procedimientos almacenados.","Resolver una práctica corta y responder preguntas de comprobación.","Base de datos para aplicación real","MySQL, MySQL Workbench, SQL","1,5","1,","Alta","Pendiente"
"UNE6D24","146","Diplomado UneWeb","Programación Full Stack con Python e IA","Nivel 6 — MySQL","Diciembre 2026 · Día 24","24","Clase diaria 24: Ejercicio guiado de procedimientos almacenados","Comprender y aplicar ejercicio guiado de procedimientos almacenados dentro del objetivo del Nivel 6.","Ejercicio guiado de procedimientos almacenados","Realizar un ejemplo guiado de ejercicio guiado de procedimientos almacenados.","Resolver una práctica corta y responder preguntas de comprobación.","Base de datos para aplicación real","MySQL, MySQL Workbench, SQL","1,5","1,","Alta","Pendiente"
"UNE6D25","147","Diplomado UneWeb","Programación Full Stack con Python e IA","Nivel 6 — MySQL","Diciembre 2026 · Día 25","25","Clase diaria 25: Fundamentos de disparadores o triggers","Comprender y aplicar fundamentos de disparadores o triggers dentro del objetivo del Nivel 6.","Fundamentos de disparadores o triggers","Realizar un ejemplo guiado de fundamentos de disparadores o triggers.","Resolver una práctica corta y responder preguntas de comprobación.","Base de datos para aplicación real","MySQL, MySQL Workbench, SQL","1,5","1,","Alta","Pendiente"
"UNE6D26","148","Diplomado UneWeb","Programación Full Stack con Python e IA","Nivel 6 — MySQL","Diciembre 2026 · Día 26","26","Clase diaria 26: Práctica P4: vista consolidada a partir de múltiples tablas","Completar la práctica p4: vista consolidada a partir de múltiples tablas y demostrar los conocimientos acumulados.","Práctica P4: vista consolidada a partir de múltiples tablas","Desarrollar paso a paso la práctica p4: vista consolidada a partir de múltiples tablas.","Entregar la evidencia funcional de la práctica p4: vista consolidada a partir de múltiples tablas.","Base de datos para aplicación real","MySQL, MySQL Workbench, SQL","1,5","1,","Alta","Pendiente"
"UNE6D27","149","Diplomado UneWeb","Programación Full Stack con Python e IA","Nivel 6 — MySQL","Diciembre 2026 · Día 27","27","Clase diaria 27: Fundamentos de vistas o views","Comprender y aplicar fundamentos de vistas o views dentro del objetivo del Nivel 6.","Fundamentos de vistas o views","Realizar un ejemplo guiado de fundamentos de vistas o views.","Resolver una práctica corta y responder preguntas de comprobación.","Base de datos para aplicación real","MySQL, MySQL Workbench, SQL","1,5","1,","Alta","Pendiente"
"UNE6D28","150","Diplomado UneWeb","Programación Full Stack con Python e IA","Nivel 6 — MySQL","Diciembre 2026 · Día 28","28","Clase diaria 28: Fundamentos de motor InnoDB y transacciones","Comprender y aplicar fundamentos de motor innodb y transacciones dentro del objetivo del Nivel 6.","Fundamentos de motor InnoDB y transacciones","Realizar un ejemplo guiado de fundamentos de motor innodb y transacciones.","Resolver una práctica corta y responder preguntas de comprobación.","Base de datos para aplicación real","MySQL, MySQL Workbench, SQL","1,5","1,","Alta","Pendiente"
"UNE6D29","151","Diplomado UneWeb","Programación Full Stack con Python e IA","Nivel 6 — MySQL","Diciembre 2026 · Día 29","29","Clase diaria 29: Fundamentos de conectores MySQL: ODBC, .NET, JDBC y PHP","Comprender y aplicar fundamentos de conectores mysql: odbc, .net, jdbc y php dentro del objetivo del Nivel 6.","Fundamentos de conectores MySQL: ODBC, .NET, JDBC y PHP","Realizar un ejemplo guiado de fundamentos de conectores mysql: odbc, .net, jdbc y php.","Resolver una práctica corta y responder preguntas de comprobación.","Base de datos para aplicación real","MySQL, MySQL Workbench, SQL","1,5","1,","Alta","Pendiente"
"UNE6D30","152","Diplomado UneWeb","Programación Full Stack con Python e IA","Nivel 6 — MySQL","Diciembre 2026 · Día 30","30","Clase diaria 30: Práctica P5: proyecto de base de datos completa para una aplicación real","Completar la práctica p5: proyecto de base de datos completa para una aplicación real y demostrar los conocimientos acumulados.","Práctica P5: proyecto de base de datos completa para una aplicación real","Desarrollar paso a paso la práctica p5: proyecto de base de datos completa para una aplicación real.","Entregar la evidencia funcional de la práctica p5: proyecto de base de datos completa para una aplicación real.","Base de datos para aplicación real","MySQL, MySQL Workbench, SQL","1,5","1,","Alta","Pendiente"
"UNE6D31","153","Diplomado UneWeb","Programación Full Stack con Python e IA","Nivel 6 — MySQL","Diciembre 2026 · Día 31","31","Clase diaria 31: Evaluación integral, corrección de errores y cierre del Nivel 6","Comprender y aplicar evaluación integral, corrección de errores y cierre del nivel 6 dentro del objetivo del Nivel 6.","Evaluación integral, corrección de errores y cierre del Nivel 6","Realizar un ejemplo guiado de evaluación integral, corrección de errores y cierre del nivel 6.","Resolver una práctica corta y responder preguntas de comprobación.","Base de datos para aplicación real","MySQL, MySQL Workbench, SQL","1,5","1,","Alta","Pendiente"
"UNE7D01","154","Diplomado UneWeb","Programación Full Stack con Python e IA","Nivel 7 — PostgreSQL","Enero 2027 · Día 1","1","Clase diaria 1: Introducción al Nivel 7: objetivos, herramientas y proyecto del mes","Comprender y aplicar introducción al nivel 7: objetivos, herramientas y proyecto del mes dentro del objetivo del Nivel 7.","Introducción al Nivel 7: objetivos, herramientas y proyecto del mes","Realizar un ejemplo guiado de introducción al nivel 7: objetivos, herramientas y proyecto del mes.","Resolver una práctica corta y responder preguntas de comprobación.","Migración a PostgreSQL","PostgreSQL, psql, pgAdmin, SQL","1,5","1,","Alta","Pendiente"
"UNE7D02","155","Diplomado UneWeb","Programación Full Stack con Python e IA","Nivel 7 — PostgreSQL","Enero 2027 · Día 2","2","Clase diaria 2: Fundamentos de modelo Entidad-Relación","Comprender y aplicar fundamentos de modelo entidad-relación dentro del objetivo del Nivel 7.","Fundamentos de modelo Entidad-Relación","Realizar un ejemplo guiado de fundamentos de modelo entidad-relación.","Resolver una práctica corta y responder preguntas de comprobación.","Migración a PostgreSQL","PostgreSQL, psql, pgAdmin, SQL","1,5","1,","Alta","Pendiente"
"UNE7D03","156","Diplomado UneWeb","Programación Full Stack con Python e IA","Nivel 7 — PostgreSQL","Enero 2027 · Día 3","3","Clase diaria 3: Ejercicio guiado de modelo Entidad-Relación","Comprender y aplicar ejercicio guiado de modelo entidad-relación dentro del objetivo del Nivel 7.","Ejercicio guiado de modelo Entidad-Relación","Realizar un ejemplo guiado de ejercicio guiado de modelo entidad-relación.","Resolver una práctica corta y responder preguntas de comprobación.","Migración a PostgreSQL","PostgreSQL, psql, pgAdmin, SQL","1,5","1,","Alta","Pendiente"
"UNE7D04","157","Diplomado UneWeb","Programación Full Stack con Python e IA","Nivel 7 — PostgreSQL","Enero 2027 · Día 4","4","Clase diaria 4: Fundamentos de instalación y configuración de PostgreSQL","Comprender y aplicar fundamentos de instalación y configuración de postgresql dentro del objetivo del Nivel 7.","Fundamentos de instalación y configuración de PostgreSQL","Realizar un ejemplo guiado de fundamentos de instalación y configuración de postgresql.","Resolver una práctica corta y responder preguntas de comprobación.","Migración a PostgreSQL","PostgreSQL, psql, pgAdmin, SQL","1,5","1,","Alta","Pendiente"
"UNE7D05","158","Diplomado UneWeb","Programación Full Stack con Python e IA","Nivel 7 — PostgreSQL","Enero 2027 · Día 5","5","Clase diaria 5: Ejercicio guiado de instalación y configuración de PostgreSQL","Comprender y aplicar ejercicio guiado de instalación y configuración de postgresql dentro del objetivo del Nivel 7.","Ejercicio guiado de instalación y configuración de PostgreSQL","Realizar un ejemplo guiado de ejercicio guiado de instalación y configuración de postgresql.","Resolver una práctica corta y responder preguntas de comprobación.","Migración a PostgreSQL","PostgreSQL, psql, pgAdmin, SQL","1,5","1,","Alta","Pendiente"
"UNE7D06","159","Diplomado UneWeb","Programación Full Stack con Python e IA","Nivel 7 — PostgreSQL","Enero 2027 · Día 6","6","Clase diaria 6: Práctica P1: instalación y configuración de PostgreSQL","Completar la práctica p1: instalación y configuración de postgresql y demostrar los conocimientos acumulados.","Práctica P1: instalación y configuración de PostgreSQL","Desarrollar paso a paso la práctica p1: instalación y configuración de postgresql.","Entregar la evidencia funcional de la práctica p1: instalación y configuración de postgresql.","Migración a PostgreSQL","PostgreSQL, psql, pgAdmin, SQL","1,5","1,","Alta","Pendiente"
"UNE7D07","160","Diplomado UneWeb","Programación Full Stack con Python e IA","Nivel 7 — PostgreSQL","Enero 2027 · Día 7","7","Clase diaria 7: Fundamentos de consola psql y comandos básicos","Comprender y aplicar fundamentos de consola psql y comandos básicos dentro del objetivo del Nivel 7.","Fundamentos de consola psql y comandos básicos","Realizar un ejemplo guiado de fundamentos de consola psql y comandos básicos.","Resolver una práctica corta y responder preguntas de comprobación.","Migración a PostgreSQL","PostgreSQL, psql, pgAdmin, SQL","1,5","1,","Alta","Pendiente"
"UNE7D08","161","Diplomado UneWeb","Programación Full Stack con Python e IA","Nivel 7 — PostgreSQL","Enero 2027 · Día 8","8","Clase diaria 8: Ejercicio guiado de consola psql y comandos básicos","Comprender y aplicar ejercicio guiado de consola psql y comandos básicos dentro del objetivo del Nivel 7.","Ejercicio guiado de consola psql y comandos básicos","Realizar un ejemplo guiado de ejercicio guiado de consola psql y comandos básicos.","Resolver una práctica corta y responder preguntas de comprobación.","Migración a PostgreSQL","PostgreSQL, psql, pgAdmin, SQL","1,5","1,","Alta","Pendiente"
"UNE7D09","162","Diplomado UneWeb","Programación Full Stack con Python e IA","Nivel 7 — PostgreSQL","Enero 2027 · Día 9","9","Clase diaria 9: Fundamentos de tipos de datos de PostgreSQL","Comprender y aplicar fundamentos de tipos de datos de postgresql dentro del objetivo del Nivel 7.","Fundamentos de tipos de datos de PostgreSQL","Realizar un ejemplo guiado de fundamentos de tipos de datos de postgresql.","Resolver una práctica corta y responder preguntas de comprobación.","Migración a PostgreSQL","PostgreSQL, psql, pgAdmin, SQL","1,5","1,","Alta","Pendiente"
"UNE7D10","163","Diplomado UneWeb","Programación Full Stack con Python e IA","Nivel 7 — PostgreSQL","Enero 2027 · Día 10","10","Clase diaria 10: Ejercicio guiado de tipos de datos de PostgreSQL","Comprender y aplicar ejercicio guiado de tipos de datos de postgresql dentro del objetivo del Nivel 7.","Ejercicio guiado de tipos de datos de PostgreSQL","Realizar un ejemplo guiado de ejercicio guiado de tipos de datos de postgresql.","Resolver una práctica corta y responder preguntas de comprobación.","Migración a PostgreSQL","PostgreSQL, psql, pgAdmin, SQL","1,5","1,","Alta","Pendiente"
"UNE7D11","164","Diplomado UneWeb","Programación Full Stack con Python e IA","Nivel 7 — PostgreSQL","Enero 2027 · Día 11","11","Clase diaria 11: Fundamentos de creación de bases y tablas","Comprender y aplicar fundamentos de creación de bases y tablas dentro del objetivo del Nivel 7.","Fundamentos de creación de bases y tablas","Realizar un ejemplo guiado de fundamentos de creación de bases y tablas.","Resolver una práctica corta y responder preguntas de comprobación.","Migración a PostgreSQL","PostgreSQL, psql, pgAdmin, SQL","1,5","1,","Alta","Pendiente"
"UNE7D12","165","Diplomado UneWeb","Programación Full Stack con Python e IA","Nivel 7 — PostgreSQL","Enero 2027 · Día 12","12","Clase diaria 12: Ejercicio guiado de creación de bases y tablas","Comprender y aplicar ejercicio guiado de creación de bases y tablas dentro del objetivo del Nivel 7.","Ejercicio guiado de creación de bases y tablas","Realizar un ejemplo guiado de ejercicio guiado de creación de bases y tablas.","Resolver una práctica corta y responder preguntas de comprobación.","Migración a PostgreSQL","PostgreSQL, psql, pgAdmin, SQL","1,5","1,","Alta","Pendiente"
"UNE7D13","166","Diplomado UneWeb","Programación Full Stack con Python e IA","Nivel 7 — PostgreSQL","Enero 2027 · Día 13","13","Clase diaria 13: Práctica P2: modelo Entidad-Relación y tablas relacionadas","Completar la práctica p2: modelo entidad-relación y tablas relacionadas y demostrar los conocimientos acumulados.","Práctica P2: modelo Entidad-Relación y tablas relacionadas","Desarrollar paso a paso la práctica p2: modelo entidad-relación y tablas relacionadas.","Entregar la evidencia funcional de la práctica p2: modelo entidad-relación y tablas relacionadas.","Migración a PostgreSQL","PostgreSQL, psql, pgAdmin, SQL","1,5","1,","Alta","Pendiente"
"UNE7D14","167","Diplomado UneWeb","Programación Full Stack con Python e IA","Nivel 7 — PostgreSQL","Enero 2027 · Día 14","14","Clase diaria 14: Fundamentos de CRUD: INSERT y SELECT","Comprender y aplicar fundamentos de crud: insert y select dentro del objetivo del Nivel 7.","Fundamentos de CRUD: INSERT y SELECT","Realizar un ejemplo guiado de fundamentos de crud: insert y select.","Resolver una práctica corta y responder preguntas de comprobación.","Migración a PostgreSQL","PostgreSQL, psql, pgAdmin, SQL","1,5","1,","Alta","Pendiente"
"UNE7D15","168","Diplomado UneWeb","Programación Full Stack con Python e IA","Nivel 7 — PostgreSQL","Enero 2027 · Día 15","15","Clase diaria 15: Ejercicio guiado de CRUD: INSERT y SELECT","Comprender y aplicar ejercicio guiado de crud: insert y select dentro del objetivo del Nivel 7.","Ejercicio guiado de CRUD: INSERT y SELECT","Realizar un ejemplo guiado de ejercicio guiado de crud: insert y select.","Resolver una práctica corta y responder preguntas de comprobación.","Migración a PostgreSQL","PostgreSQL, psql, pgAdmin, SQL","1,5","1,","Alta","Pendiente"
"UNE7D16","169","Diplomado UneWeb","Programación Full Stack con Python e IA","Nivel 7 — PostgreSQL","Enero 2027 · Día 16","16","Clase diaria 16: Fundamentos de CRUD: UPDATE y DELETE","Comprender y aplicar fundamentos de crud: update y delete dentro del objetivo del Nivel 7.","Fundamentos de CRUD: UPDATE y DELETE","Realizar un ejemplo guiado de fundamentos de crud: update y delete.","Resolver una práctica corta y responder preguntas de comprobación.","Migración a PostgreSQL","PostgreSQL, psql, pgAdmin, SQL","1,5","1,","Alta","Pendiente"
"UNE7D17","170","Diplomado UneWeb","Programación Full Stack con Python e IA","Nivel 7 — PostgreSQL","Enero 2027 · Día 17","17","Clase diaria 17: Ejercicio guiado de CRUD: UPDATE y DELETE","Comprender y aplicar ejercicio guiado de crud: update y delete dentro del objetivo del Nivel 7.","Ejercicio guiado de CRUD: UPDATE y DELETE","Realizar un ejemplo guiado de ejercicio guiado de crud: update y delete.","Resolver una práctica corta y responder preguntas de comprobación.","Migración a PostgreSQL","PostgreSQL, psql, pgAdmin, SQL","1,5","1,","Alta","Pendiente"
"UNE7D18","171","Diplomado UneWeb","Programación Full Stack con Python e IA","Nivel 7 — PostgreSQL","Enero 2027 · Día 18","18","Clase diaria 18: Práctica P3: consultas CRUD con integridad referencial y CASCADE","Completar la práctica p3: consultas crud con integridad referencial y cascade y demostrar los conocimientos acumulados.","Práctica P3: consultas CRUD con integridad referencial y CASCADE","Desarrollar paso a paso la práctica p3: consultas crud con integridad referencial y cascade.","Entregar la evidencia funcional de la práctica p3: consultas crud con integridad referencial y cascade.","Migración a PostgreSQL","PostgreSQL, psql, pgAdmin, SQL","1,5","1,","Alta","Pendiente"
"UNE7D19","172","Diplomado UneWeb","Programación Full Stack con Python e IA","Nivel 7 — PostgreSQL","Enero 2027 · Día 19","19","Clase diaria 19: Fundamentos de claves primarias y foráneas","Comprender y aplicar fundamentos de claves primarias y foráneas dentro del objetivo del Nivel 7.","Fundamentos de claves primarias y foráneas","Realizar un ejemplo guiado de fundamentos de claves primarias y foráneas.","Resolver una práctica corta y responder preguntas de comprobación.","Migración a PostgreSQL","PostgreSQL, psql, pgAdmin, SQL","1,5","1,","Alta","Pendiente"
"UNE7D20","173","Diplomado UneWeb","Programación Full Stack con Python e IA","Nivel 7 — PostgreSQL","Enero 2027 · Día 20","20","Clase diaria 20: Ejercicio guiado de claves primarias y foráneas","Comprender y aplicar ejercicio guiado de claves primarias y foráneas dentro del objetivo del Nivel 7.","Ejercicio guiado de claves primarias y foráneas","Realizar un ejemplo guiado de ejercicio guiado de claves primarias y foráneas.","Resolver una práctica corta y responder preguntas de comprobación.","Migración a PostgreSQL","PostgreSQL, psql, pgAdmin, SQL","1,5","1,","Alta","Pendiente"
"UNE7D21","174","Diplomado UneWeb","Programación Full Stack con Python e IA","Nivel 7 — PostgreSQL","Enero 2027 · Día 21","21","Clase diaria 21: Fundamentos de integridad referencial y acción CASCADE","Comprender y aplicar fundamentos de integridad referencial y acción cascade dentro del objetivo del Nivel 7.","Fundamentos de integridad referencial y acción CASCADE","Realizar un ejemplo guiado de fundamentos de integridad referencial y acción cascade.","Resolver una práctica corta y responder preguntas de comprobación.","Migración a PostgreSQL","PostgreSQL, psql, pgAdmin, SQL","1,5","1,","Alta","Pendiente"
"UNE7D22","175","Diplomado UneWeb","Programación Full Stack con Python e IA","Nivel 7 — PostgreSQL","Enero 2027 · Día 22","22","Clase diaria 22: Ejercicio guiado de integridad referencial y acción CASCADE","Comprender y aplicar ejercicio guiado de integridad referencial y acción cascade dentro del objetivo del Nivel 7.","Ejercicio guiado de integridad referencial y acción CASCADE","Realizar un ejemplo guiado de ejercicio guiado de integridad referencial y acción cascade.","Resolver una práctica corta y responder preguntas de comprobación.","Migración a PostgreSQL","PostgreSQL, psql, pgAdmin, SQL","1,5","1,","Alta","Pendiente"
"UNE7D23","176","Diplomado UneWeb","Programación Full Stack con Python e IA","Nivel 7 — PostgreSQL","Enero 2027 · Día 23","23","Clase diaria 23: Fundamentos de disparadores o triggers","Comprender y aplicar fundamentos de disparadores o triggers dentro del objetivo del Nivel 7.","Fundamentos de disparadores o triggers","Realizar un ejemplo guiado de fundamentos de disparadores o triggers.","Resolver una práctica corta y responder preguntas de comprobación.","Migración a PostgreSQL","PostgreSQL, psql, pgAdmin, SQL","1,5","1,","Alta","Pendiente"
"UNE7D24","177","Diplomado UneWeb","Programación Full Stack con Python e IA","Nivel 7 — PostgreSQL","Enero 2027 · Día 24","24","Clase diaria 24: Ejercicio guiado de disparadores o triggers","Comprender y aplicar ejercicio guiado de disparadores o triggers dentro del objetivo del Nivel 7.","Ejercicio guiado de disparadores o triggers","Realizar un ejemplo guiado de ejercicio guiado de disparadores o triggers.","Resolver una práctica corta y responder preguntas de comprobación.","Migración a PostgreSQL","PostgreSQL, psql, pgAdmin, SQL","1,5","1,","Alta","Pendiente"
"UNE7D25","178","Diplomado UneWeb","Programación Full Stack con Python e IA","Nivel 7 — PostgreSQL","Enero 2027 · Día 25","25","Clase diaria 25: Práctica P4: disparador trigger escrito en PL/pgSQL","Completar la práctica p4: disparador trigger escrito en pl/pgsql y demostrar los conocimientos acumulados.","Práctica P4: disparador trigger escrito en PL/pgSQL","Desarrollar paso a paso la práctica p4: disparador trigger escrito en pl/pgsql.","Entregar la evidencia funcional de la práctica p4: disparador trigger escrito en pl/pgsql.","Migración a PostgreSQL","PostgreSQL, psql, pgAdmin, SQL","1,5","1,","Alta","Pendiente"
"UNE7D26","179","Diplomado UneWeb","Programación Full Stack con Python e IA","Nivel 7 — PostgreSQL","Enero 2027 · Día 26","26","Clase diaria 26: Fundamentos de sistema de reglas de PostgreSQL","Comprender y aplicar fundamentos de sistema de reglas de postgresql dentro del objetivo del Nivel 7.","Fundamentos de sistema de reglas de PostgreSQL","Realizar un ejemplo guiado de fundamentos de sistema de reglas de postgresql.","Resolver una práctica corta y responder preguntas de comprobación.","Migración a PostgreSQL","PostgreSQL, psql, pgAdmin, SQL","1,5","1,","Alta","Pendiente"
"UNE7D27","180","Diplomado UneWeb","Programación Full Stack con Python e IA","Nivel 7 — PostgreSQL","Enero 2027 · Día 27","27","Clase diaria 27: Ejercicio guiado de sistema de reglas de PostgreSQL","Comprender y aplicar ejercicio guiado de sistema de reglas de postgresql dentro del objetivo del Nivel 7.","Ejercicio guiado de sistema de reglas de PostgreSQL","Realizar un ejemplo guiado de ejercicio guiado de sistema de reglas de postgresql.","Resolver una práctica corta y responder preguntas de comprobación.","Migración a PostgreSQL","PostgreSQL, psql, pgAdmin, SQL","1,5","1,","Alta","Pendiente"
"UNE7D28","181","Diplomado UneWeb","Programación Full Stack con Python e IA","Nivel 7 — PostgreSQL","Enero 2027 · Día 28","28","Clase diaria 28: Fundamentos de lenguaje procedural PL/pgSQL","Comprender y aplicar fundamentos de lenguaje procedural pl/pgsql dentro del objetivo del Nivel 7.","Fundamentos de lenguaje procedural PL/pgSQL","Realizar un ejemplo guiado de fundamentos de lenguaje procedural pl/pgsql.","Resolver una práctica corta y responder preguntas de comprobación.","Migración a PostgreSQL","PostgreSQL, psql, pgAdmin, SQL","1,5","1,","Alta","Pendiente"
"UNE7D29","182","Diplomado UneWeb","Programación Full Stack con Python e IA","Nivel 7 — PostgreSQL","Enero 2027 · Día 29","29","Clase diaria 29: Ejercicio guiado de lenguaje procedural PL/pgSQL","Comprender y aplicar ejercicio guiado de lenguaje procedural pl/pgsql dentro del objetivo del Nivel 7.","Ejercicio guiado de lenguaje procedural PL/pgSQL","Realizar un ejemplo guiado de ejercicio guiado de lenguaje procedural pl/pgsql.","Resolver una práctica corta y responder preguntas de comprobación.","Migración a PostgreSQL","PostgreSQL, psql, pgAdmin, SQL","1,5","1,","Alta","Pendiente"
"UNE7D30","183","Diplomado UneWeb","Programación Full Stack con Python e IA","Nivel 7 — PostgreSQL","Enero 2027 · Día 30","30","Clase diaria 30: Práctica P5: proyecto de migración de un esquema relacional a PostgreSQL","Completar la práctica p5: proyecto de migración de un esquema relacional a postgresql y demostrar los conocimientos acumulados.","Práctica P5: proyecto de migración de un esquema relacional a PostgreSQL","Desarrollar paso a paso la práctica p5: proyecto de migración de un esquema relacional a postgresql.","Entregar la evidencia funcional de la práctica p5: proyecto de migración de un esquema relacional a postgresql.","Migración a PostgreSQL","PostgreSQL, psql, pgAdmin, SQL","1,5","1,","Alta","Pendiente"
"UNE7D31","184","Diplomado UneWeb","Programación Full Stack con Python e IA","Nivel 7 — PostgreSQL","Enero 2027 · Día 31","31","Clase diaria 31: Evaluación integral, corrección de errores y cierre del Nivel 7","Comprender y aplicar evaluación integral, corrección de errores y cierre del nivel 7 dentro del objetivo del Nivel 7.","Evaluación integral, corrección de errores y cierre del Nivel 7","Realizar un ejemplo guiado de evaluación integral, corrección de errores y cierre del nivel 7.","Resolver una práctica corta y responder preguntas de comprobación.","Migración a PostgreSQL","PostgreSQL, psql, pgAdmin, SQL","1,5","1,","Alta","Pendiente"
"UNE8D01","185","Diplomado UneWeb","Programación Full Stack con Python e IA","Nivel 8 — Python I: Fundamentos","Febrero 2027 · Día 1","1","Clase diaria 1: Introducción al Nivel 8: objetivos, herramientas y proyecto del mes","Comprender y aplicar introducción al nivel 8: objetivos, herramientas y proyecto del mes dentro del objetivo del Nivel 8.","Introducción al Nivel 8: objetivos, herramientas y proyecto del mes","Realizar un ejemplo guiado de introducción al nivel 8: objetivos, herramientas y proyecto del mes.","Resolver una práctica corta y responder preguntas de comprobación.","Aplicación de consola","Python, VS Code, terminal","1,5","1,","Alta","Pendiente"
"UNE8D02","186","Diplomado UneWeb","Programación Full Stack con Python e IA","Nivel 8 — Python I: Fundamentos","Febrero 2027 · Día 2","2","Clase diaria 2: Fundamentos de intérprete de Python, terminal e interfaz IDLE","Comprender y aplicar fundamentos de intérprete de python, terminal e interfaz idle dentro del objetivo del Nivel 8.","Fundamentos de intérprete de Python, terminal e interfaz IDLE","Realizar un ejemplo guiado de fundamentos de intérprete de python, terminal e interfaz idle.","Resolver una práctica corta y responder preguntas de comprobación.","Aplicación de consola","Python, VS Code, terminal","1,5","1,","Alta","Pendiente"
"UNE8D03","187","Diplomado UneWeb","Programación Full Stack con Python e IA","Nivel 8 — Python I: Fundamentos","Febrero 2027 · Día 3","3","Clase diaria 3: Ejercicio guiado de intérprete de Python, terminal e interfaz IDLE","Comprender y aplicar ejercicio guiado de intérprete de python, terminal e interfaz idle dentro del objetivo del Nivel 8.","Ejercicio guiado de intérprete de Python, terminal e interfaz IDLE","Realizar un ejemplo guiado de ejercicio guiado de intérprete de python, terminal e interfaz idle.","Resolver una práctica corta y responder preguntas de comprobación.","Aplicación de consola","Python, VS Code, terminal","1,5","1,","Alta","Pendiente"
"UNE8D04","188","Diplomado UneWeb","Programación Full Stack con Python e IA","Nivel 8 — Python I: Fundamentos","Febrero 2027 · Día 4","4","Clase diaria 4: Fundamentos de números y operadores","Comprender y aplicar fundamentos de números y operadores dentro del objetivo del Nivel 8.","Fundamentos de números y operadores","Realizar un ejemplo guiado de fundamentos de números y operadores.","Resolver una práctica corta y responder preguntas de comprobación.","Aplicación de consola","Python, VS Code, terminal","1,5","1,","Alta","Pendiente"
"UNE8D05","189","Diplomado UneWeb","Programación Full Stack con Python e IA","Nivel 8 — Python I: Fundamentos","Febrero 2027 · Día 5","5","Clase diaria 5: Ejercicio guiado de números y operadores","Comprender y aplicar ejercicio guiado de números y operadores dentro del objetivo del Nivel 8.","Ejercicio guiado de números y operadores","Realizar un ejemplo guiado de ejercicio guiado de números y operadores.","Resolver una práctica corta y responder preguntas de comprobación.","Aplicación de consola","Python, VS Code, terminal","1,5","1,","Alta","Pendiente"
"UNE8D06","190","Diplomado UneWeb","Programación Full Stack con Python e IA","Nivel 8 — Python I: Fundamentos","Febrero 2027 · Día 6","6","Clase diaria 6: Fundamentos de cadenas y sus métodos","Comprender y aplicar fundamentos de cadenas y sus métodos dentro del objetivo del Nivel 8.","Fundamentos de cadenas y sus métodos","Realizar un ejemplo guiado de fundamentos de cadenas y sus métodos.","Resolver una práctica corta y responder preguntas de comprobación.","Aplicación de consola","Python, VS Code, terminal","1,5","1,","Alta","Pendiente"
"UNE8D07","191","Diplomado UneWeb","Programación Full Stack con Python e IA","Nivel 8 — Python I: Fundamentos","Febrero 2027 · Día 7","7","Clase diaria 7: Ejercicio guiado de cadenas y sus métodos","Comprender y aplicar ejercicio guiado de cadenas y sus métodos dentro del objetivo del Nivel 8.","Ejercicio guiado de cadenas y sus métodos","Realizar un ejemplo guiado de ejercicio guiado de cadenas y sus métodos.","Resolver una práctica corta y responder preguntas de comprobación.","Aplicación de consola","Python, VS Code, terminal","1,5","1,","Alta","Pendiente"
"UNE8D08","192","Diplomado UneWeb","Programación Full Stack con Python e IA","Nivel 8 — Python I: Fundamentos","Febrero 2027 · Día 8","8","Clase diaria 8: Práctica P1: programa de manejo de listas, tuplas y diccionarios","Completar la práctica p1: programa de manejo de listas, tuplas y diccionarios y demostrar los conocimientos acumulados.","Práctica P1: programa de manejo de listas, tuplas y diccionarios","Desarrollar paso a paso la práctica p1: programa de manejo de listas, tuplas y diccionarios.","Entregar la evidencia funcional de la práctica p1: programa de manejo de listas, tuplas y diccionarios.","Aplicación de consola","Python, VS Code, terminal","1,5","1,","Alta","Pendiente"
"UNE8D09","193","Diplomado UneWeb","Programación Full Stack con Python e IA","Nivel 8 — Python I: Fundamentos","Febrero 2027 · Día 9","9","Clase diaria 9: Fundamentos de listas y sus operaciones","Comprender y aplicar fundamentos de listas y sus operaciones dentro del objetivo del Nivel 8.","Fundamentos de listas y sus operaciones","Realizar un ejemplo guiado de fundamentos de listas y sus operaciones.","Resolver una práctica corta y responder preguntas de comprobación.","Aplicación de consola","Python, VS Code, terminal","1,5","1,","Alta","Pendiente"
"UNE8D10","194","Diplomado UneWeb","Programación Full Stack con Python e IA","Nivel 8 — Python I: Fundamentos","Febrero 2027 · Día 10","10","Clase diaria 10: Ejercicio guiado de listas y sus operaciones","Comprender y aplicar ejercicio guiado de listas y sus operaciones dentro del objetivo del Nivel 8.","Ejercicio guiado de listas y sus operaciones","Realizar un ejemplo guiado de ejercicio guiado de listas y sus operaciones.","Resolver una práctica corta y responder preguntas de comprobación.","Aplicación de consola","Python, VS Code, terminal","1,5","1,","Alta","Pendiente"
"UNE8D11","195","Diplomado UneWeb","Programación Full Stack con Python e IA","Nivel 8 — Python I: Fundamentos","Febrero 2027 · Día 11","11","Clase diaria 11: Fundamentos de diccionarios","Comprender y aplicar fundamentos de diccionarios dentro del objetivo del Nivel 8.","Fundamentos de diccionarios","Realizar un ejemplo guiado de fundamentos de diccionarios.","Resolver una práctica corta y responder preguntas de comprobación.","Aplicación de consola","Python, VS Code, terminal","1,5","1,","Alta","Pendiente"
"UNE8D12","196","Diplomado UneWeb","Programación Full Stack con Python e IA","Nivel 8 — Python I: Fundamentos","Febrero 2027 · Día 12","12","Clase diaria 12: Ejercicio guiado de diccionarios","Comprender y aplicar ejercicio guiado de diccionarios dentro del objetivo del Nivel 8.","Ejercicio guiado de diccionarios","Realizar un ejemplo guiado de ejercicio guiado de diccionarios.","Resolver una práctica corta y responder preguntas de comprobación.","Aplicación de consola","Python, VS Code, terminal","1,5","1,","Alta","Pendiente"
"UNE8D13","197","Diplomado UneWeb","Programación Full Stack con Python e IA","Nivel 8 — Python I: Fundamentos","Febrero 2027 · Día 13","13","Clase diaria 13: Fundamentos de tuplas","Comprender y aplicar fundamentos de tuplas dentro del objetivo del Nivel 8.","Fundamentos de tuplas","Realizar un ejemplo guiado de fundamentos de tuplas.","Resolver una práctica corta y responder preguntas de comprobación.","Aplicación de consola","Python, VS Code, terminal","1,5","1,","Alta","Pendiente"
"UNE8D14","198","Diplomado UneWeb","Programación Full Stack con Python e IA","Nivel 8 — Python I: Fundamentos","Febrero 2027 · Día 14","14","Clase diaria 14: Ejercicio guiado de tuplas","Comprender y aplicar ejercicio guiado de tuplas dentro del objetivo del Nivel 8.","Ejercicio guiado de tuplas","Realizar un ejemplo guiado de ejercicio guiado de tuplas.","Resolver una práctica corta y responder preguntas de comprobación.","Aplicación de consola","Python, VS Code, terminal","1,5","1,","Alta","Pendiente"
"UNE8D15","199","Diplomado UneWeb","Programación Full Stack con Python e IA","Nivel 8 — Python I: Fundamentos","Febrero 2027 · Día 15","15","Clase diaria 15: Práctica P2: script con estructuras condicionales e iterativas","Completar la práctica p2: script con estructuras condicionales e iterativas y demostrar los conocimientos acumulados.","Práctica P2: script con estructuras condicionales e iterativas","Desarrollar paso a paso la práctica p2: script con estructuras condicionales e iterativas.","Entregar la evidencia funcional de la práctica p2: script con estructuras condicionales e iterativas.","Aplicación de consola","Python, VS Code, terminal","1,5","1,","Alta","Pendiente"
"UNE8D16","200","Diplomado UneWeb","Programación Full Stack con Python e IA","Nivel 8 — Python I: Fundamentos","Febrero 2027 · Día 16","16","Clase diaria 16: Fundamentos de conjuntos","Comprender y aplicar fundamentos de conjuntos dentro del objetivo del Nivel 8.","Fundamentos de conjuntos","Realizar un ejemplo guiado de fundamentos de conjuntos.","Resolver una práctica corta y responder preguntas de comprobación.","Aplicación de consola","Python, VS Code, terminal","1,5","1,","Alta","Pendiente"
"UNE8D17","201","Diplomado UneWeb","Programación Full Stack con Python e IA","Nivel 8 — Python I: Fundamentos","Febrero 2027 · Día 17","17","Clase diaria 17: Fundamentos de manejo de archivos","Comprender y aplicar fundamentos de manejo de archivos dentro del objetivo del Nivel 8.","Fundamentos de manejo de archivos","Realizar un ejemplo guiado de fundamentos de manejo de archivos.","Resolver una práctica corta y responder preguntas de comprobación.","Aplicación de consola","Python, VS Code, terminal","1,5","1,","Alta","Pendiente"
"UNE8D18","202","Diplomado UneWeb","Programación Full Stack con Python e IA","Nivel 8 — Python I: Fundamentos","Febrero 2027 · Día 18","18","Clase diaria 18: Fundamentos de operadores de comparación y lógicos","Comprender y aplicar fundamentos de operadores de comparación y lógicos dentro del objetivo del Nivel 8.","Fundamentos de operadores de comparación y lógicos","Realizar un ejemplo guiado de fundamentos de operadores de comparación y lógicos.","Resolver una práctica corta y responder preguntas de comprobación.","Aplicación de consola","Python, VS Code, terminal","1,5","1,","Alta","Pendiente"
"UNE8D19","203","Diplomado UneWeb","Programación Full Stack con Python e IA","Nivel 8 — Python I: Fundamentos","Febrero 2027 · Día 19","19","Clase diaria 19: Práctica P3: biblioteca propia de funciones reutilizables","Completar la práctica p3: biblioteca propia de funciones reutilizables y demostrar los conocimientos acumulados.","Práctica P3: biblioteca propia de funciones reutilizables","Desarrollar paso a paso la práctica p3: biblioteca propia de funciones reutilizables.","Entregar la evidencia funcional de la práctica p3: biblioteca propia de funciones reutilizables.","Aplicación de consola","Python, VS Code, terminal","1,5","1,","Alta","Pendiente"
"UNE8D20","204","Diplomado UneWeb","Programación Full Stack con Python e IA","Nivel 8 — Python I: Fundamentos","Febrero 2027 · Día 20","20","Clase diaria 20: Fundamentos de estructuras condicionales","Comprender y aplicar fundamentos de estructuras condicionales dentro del objetivo del Nivel 8.","Fundamentos de estructuras condicionales","Realizar un ejemplo guiado de fundamentos de estructuras condicionales.","Resolver una práctica corta y responder preguntas de comprobación.","Aplicación de consola","Python, VS Code, terminal","1,5","1,","Alta","Pendiente"
"UNE8D21","205","Diplomado UneWeb","Programación Full Stack con Python e IA","Nivel 8 — Python I: Fundamentos","Febrero 2027 · Día 21","21","Clase diaria 21: Fundamentos de ciclos for y while","Comprender y aplicar fundamentos de ciclos for y while dentro del objetivo del Nivel 8.","Fundamentos de ciclos for y while","Realizar un ejemplo guiado de fundamentos de ciclos for y while.","Resolver una práctica corta y responder preguntas de comprobación.","Aplicación de consola","Python, VS Code, terminal","1,5","1,","Alta","Pendiente"
"UNE8D22","206","Diplomado UneWeb","Programación Full Stack con Python e IA","Nivel 8 — Python I: Fundamentos","Febrero 2027 · Día 22","22","Clase diaria 22: Fundamentos de definición y llamado de funciones","Comprender y aplicar fundamentos de definición y llamado de funciones dentro del objetivo del Nivel 8.","Fundamentos de definición y llamado de funciones","Realizar un ejemplo guiado de fundamentos de definición y llamado de funciones.","Resolver una práctica corta y responder preguntas de comprobación.","Aplicación de consola","Python, VS Code, terminal","1,5","1,","Alta","Pendiente"
"UNE8D23","207","Diplomado UneWeb","Programación Full Stack con Python e IA","Nivel 8 — Python I: Fundamentos","Febrero 2027 · Día 23","23","Clase diaria 23: Práctica P4: programa orientado a objetos con clases propias","Completar la práctica p4: programa orientado a objetos con clases propias y demostrar los conocimientos acumulados.","Práctica P4: programa orientado a objetos con clases propias","Desarrollar paso a paso la práctica p4: programa orientado a objetos con clases propias.","Entregar la evidencia funcional de la práctica p4: programa orientado a objetos con clases propias.","Aplicación de consola","Python, VS Code, terminal","1,5","1,","Alta","Pendiente"
"UNE8D24","208","Diplomado UneWeb","Programación Full Stack con Python e IA","Nivel 8 — Python I: Fundamentos","Febrero 2027 · Día 24","24","Clase diaria 24: Fundamentos de parámetros, retorno y alcance","Comprender y aplicar fundamentos de parámetros, retorno y alcance dentro del objetivo del Nivel 8.","Fundamentos de parámetros, retorno y alcance","Realizar un ejemplo guiado de fundamentos de parámetros, retorno y alcance.","Resolver una práctica corta y responder preguntas de comprobación.","Aplicación de consola","Python, VS Code, terminal","1,5","1,","Alta","Pendiente"
"UNE8D25","209","Diplomado UneWeb","Programación Full Stack con Python e IA","Nivel 8 — Python I: Fundamentos","Febrero 2027 · Día 25","25","Clase diaria 25: Fundamentos de clases y objetos","Comprender y aplicar fundamentos de clases y objetos dentro del objetivo del Nivel 8.","Fundamentos de clases y objetos","Realizar un ejemplo guiado de fundamentos de clases y objetos.","Resolver una práctica corta y responder preguntas de comprobación.","Aplicación de consola","Python, VS Code, terminal","1,5","1,","Alta","Pendiente"
"UNE8D26","210","Diplomado UneWeb","Programación Full Stack con Python e IA","Nivel 8 — Python I: Fundamentos","Febrero 2027 · Día 26","26","Clase diaria 26: Fundamentos de módulos e importaciones","Comprender y aplicar fundamentos de módulos e importaciones dentro del objetivo del Nivel 8.","Fundamentos de módulos e importaciones","Realizar un ejemplo guiado de fundamentos de módulos e importaciones.","Resolver una práctica corta y responder preguntas de comprobación.","Aplicación de consola","Python, VS Code, terminal","1,5","1,","Alta","Pendiente"
"UNE8D27","211","Diplomado UneWeb","Programación Full Stack con Python e IA","Nivel 8 — Python I: Fundamentos","Febrero 2027 · Día 27","27","Clase diaria 27: Práctica P5: proyecto de aplicación de consola con manejo de archivos","Completar la práctica p5: proyecto de aplicación de consola con manejo de archivos y demostrar los conocimientos acumulados.","Práctica P5: proyecto de aplicación de consola con manejo de archivos","Desarrollar paso a paso la práctica p5: proyecto de aplicación de consola con manejo de archivos.","Entregar la evidencia funcional de la práctica p5: proyecto de aplicación de consola con manejo de archivos.","Aplicación de consola","Python, VS Code, terminal","1,5","1,","Alta","Pendiente"
"UNE8D28","212","Diplomado UneWeb","Programación Full Stack con Python e IA","Nivel 8 — Python I: Fundamentos","Febrero 2027 · Día 28","28","Clase diaria 28: Evaluación integral, corrección de errores y cierre del Nivel 8","Comprender y aplicar evaluación integral, corrección de errores y cierre del nivel 8 dentro del objetivo del Nivel 8.","Evaluación integral, corrección de errores y cierre del Nivel 8","Realizar un ejemplo guiado de evaluación integral, corrección de errores y cierre del nivel 8.","Resolver una práctica corta y responder preguntas de comprobación.","Aplicación de consola","Python, VS Code, terminal","1,5","1,","Alta","Pendiente"
"UNE9D01","213","Diplomado UneWeb","Programación Full Stack con Python e IA","Nivel 9 — Python II: Tkinter","Marzo 2027 · Día 1","1","Clase diaria 1: Introducción al Nivel 9: objetivos, herramientas y proyecto del mes","Comprender y aplicar introducción al nivel 9: objetivos, herramientas y proyecto del mes dentro del objetivo del Nivel 9.","Introducción al Nivel 9: objetivos, herramientas y proyecto del mes","Realizar un ejemplo guiado de introducción al nivel 9: objetivos, herramientas y proyecto del mes.","Resolver una práctica corta y responder preguntas de comprobación.","CRUD de escritorio","Python, Tkinter, MySQL, VS Code","1,5","1,","Alta","Pendiente"
"UNE9D02","214","Diplomado UneWeb","Programación Full Stack con Python e IA","Nivel 9 — Python II: Tkinter","Marzo 2027 · Día 2","2","Clase diaria 2: Fundamentos de ventana principal y ciclo de eventos de Tkinter","Comprender y aplicar fundamentos de ventana principal y ciclo de eventos de tkinter dentro del objetivo del Nivel 9.","Fundamentos de ventana principal y ciclo de eventos de Tkinter","Realizar un ejemplo guiado de fundamentos de ventana principal y ciclo de eventos de tkinter.","Resolver una práctica corta y responder preguntas de comprobación.","CRUD de escritorio","Python, Tkinter, MySQL, VS Code","1,5","1,","Alta","Pendiente"
"UNE9D03","215","Diplomado UneWeb","Programación Full Stack con Python e IA","Nivel 9 — Python II: Tkinter","Marzo 2027 · Día 3","3","Clase diaria 3: Ejercicio guiado de ventana principal y ciclo de eventos de Tkinter","Comprender y aplicar ejercicio guiado de ventana principal y ciclo de eventos de tkinter dentro del objetivo del Nivel 9.","Ejercicio guiado de ventana principal y ciclo de eventos de Tkinter","Realizar un ejemplo guiado de ejercicio guiado de ventana principal y ciclo de eventos de tkinter.","Resolver una práctica corta y responder preguntas de comprobación.","CRUD de escritorio","Python, Tkinter, MySQL, VS Code","1,5","1,","Alta","Pendiente"
"UNE9D04","216","Diplomado UneWeb","Programación Full Stack con Python e IA","Nivel 9 — Python II: Tkinter","Marzo 2027 · Día 4","4","Clase diaria 4: Fundamentos de botones y comandos","Comprender y aplicar fundamentos de botones y comandos dentro del objetivo del Nivel 9.","Fundamentos de botones y comandos","Realizar un ejemplo guiado de fundamentos de botones y comandos.","Resolver una práctica corta y responder preguntas de comprobación.","CRUD de escritorio","Python, Tkinter, MySQL, VS Code","1,5","1,","Alta","Pendiente"
"UNE9D05","217","Diplomado UneWeb","Programación Full Stack con Python e IA","Nivel 9 — Python II: Tkinter","Marzo 2027 · Día 5","5","Clase diaria 5: Ejercicio guiado de botones y comandos","Comprender y aplicar ejercicio guiado de botones y comandos dentro del objetivo del Nivel 9.","Ejercicio guiado de botones y comandos","Realizar un ejemplo guiado de ejercicio guiado de botones y comandos.","Resolver una práctica corta y responder preguntas de comprobación.","CRUD de escritorio","Python, Tkinter, MySQL, VS Code","1,5","1,","Alta","Pendiente"
"UNE9D06","218","Diplomado UneWeb","Programación Full Stack con Python e IA","Nivel 9 — Python II: Tkinter","Marzo 2027 · Día 6","6","Clase diaria 6: Fundamentos de Entry y captura de datos","Comprender y aplicar fundamentos de entry y captura de datos dentro del objetivo del Nivel 9.","Fundamentos de Entry y captura de datos","Realizar un ejemplo guiado de fundamentos de entry y captura de datos.","Resolver una práctica corta y responder preguntas de comprobación.","CRUD de escritorio","Python, Tkinter, MySQL, VS Code","1,5","1,","Alta","Pendiente"
"UNE9D07","219","Diplomado UneWeb","Programación Full Stack con Python e IA","Nivel 9 — Python II: Tkinter","Marzo 2027 · Día 7","7","Clase diaria 7: Ejercicio guiado de Entry y captura de datos","Comprender y aplicar ejercicio guiado de entry y captura de datos dentro del objetivo del Nivel 9.","Ejercicio guiado de Entry y captura de datos","Realizar un ejemplo guiado de ejercicio guiado de entry y captura de datos.","Resolver una práctica corta y responder preguntas de comprobación.","CRUD de escritorio","Python, Tkinter, MySQL, VS Code","1,5","1,","Alta","Pendiente"
"UNE9D08","220","Diplomado UneWeb","Programación Full Stack con Python e IA","Nivel 9 — Python II: Tkinter","Marzo 2027 · Día 8","8","Clase diaria 8: Práctica P1: formulario de escritorio con controles básicos de Tkinter","Completar la práctica p1: formulario de escritorio con controles básicos de tkinter y demostrar los conocimientos acumulados.","Práctica P1: formulario de escritorio con controles básicos de Tkinter","Desarrollar paso a paso la práctica p1: formulario de escritorio con controles básicos de tkinter.","Entregar la evidencia funcional de la práctica p1: formulario de escritorio con controles básicos de tkinter.","CRUD de escritorio","Python, Tkinter, MySQL, VS Code","1,5","1,","Alta","Pendiente"
"UNE9D09","221","Diplomado UneWeb","Programación Full Stack con Python e IA","Nivel 9 — Python II: Tkinter","Marzo 2027 · Día 9","9","Clase diaria 9: Fundamentos de checkboxes y variables de control","Comprender y aplicar fundamentos de checkboxes y variables de control dentro del objetivo del Nivel 9.","Fundamentos de checkboxes y variables de control","Realizar un ejemplo guiado de fundamentos de checkboxes y variables de control.","Resolver una práctica corta y responder preguntas de comprobación.","CRUD de escritorio","Python, Tkinter, MySQL, VS Code","1,5","1,","Alta","Pendiente"
"UNE9D10","222","Diplomado UneWeb","Programación Full Stack con Python e IA","Nivel 9 — Python II: Tkinter","Marzo 2027 · Día 10","10","Clase diaria 10: Ejercicio guiado de checkboxes y variables de control","Comprender y aplicar ejercicio guiado de checkboxes y variables de control dentro del objetivo del Nivel 9.","Ejercicio guiado de checkboxes y variables de control","Realizar un ejemplo guiado de ejercicio guiado de checkboxes y variables de control.","Resolver una práctica corta y responder preguntas de comprobación.","CRUD de escritorio","Python, Tkinter, MySQL, VS Code","1,5","1,","Alta","Pendiente"
"UNE9D11","223","Diplomado UneWeb","Programación Full Stack con Python e IA","Nivel 9 — Python II: Tkinter","Marzo 2027 · Día 11","11","Clase diaria 11: Fundamentos de Canvas widgets","Comprender y aplicar fundamentos de canvas widgets dentro del objetivo del Nivel 9.","Fundamentos de Canvas widgets","Realizar un ejemplo guiado de fundamentos de canvas widgets.","Resolver una práctica corta y responder preguntas de comprobación.","CRUD de escritorio","Python, Tkinter, MySQL, VS Code","1,5","1,","Alta","Pendiente"
"UNE9D12","224","Diplomado UneWeb","Programación Full Stack con Python e IA","Nivel 9 — Python II: Tkinter","Marzo 2027 · Día 12","12","Clase diaria 12: Ejercicio guiado de Canvas widgets","Comprender y aplicar ejercicio guiado de canvas widgets dentro del objetivo del Nivel 9.","Ejercicio guiado de Canvas widgets","Realizar un ejemplo guiado de ejercicio guiado de canvas widgets.","Resolver una práctica corta y responder preguntas de comprobación.","CRUD de escritorio","Python, Tkinter, MySQL, VS Code","1,5","1,","Alta","Pendiente"
"UNE9D13","225","Diplomado UneWeb","Programación Full Stack con Python e IA","Nivel 9 — Python II: Tkinter","Marzo 2027 · Día 13","13","Clase diaria 13: Fundamentos de Text widgets","Comprender y aplicar fundamentos de text widgets dentro del objetivo del Nivel 9.","Fundamentos de Text widgets","Realizar un ejemplo guiado de fundamentos de text widgets.","Resolver una práctica corta y responder preguntas de comprobación.","CRUD de escritorio","Python, Tkinter, MySQL, VS Code","1,5","1,","Alta","Pendiente"
"UNE9D14","226","Diplomado UneWeb","Programación Full Stack con Python e IA","Nivel 9 — Python II: Tkinter","Marzo 2027 · Día 14","14","Clase diaria 14: Ejercicio guiado de Text widgets","Comprender y aplicar ejercicio guiado de text widgets dentro del objetivo del Nivel 9.","Ejercicio guiado de Text widgets","Realizar un ejemplo guiado de ejercicio guiado de text widgets.","Resolver una práctica corta y responder preguntas de comprobación.","CRUD de escritorio","Python, Tkinter, MySQL, VS Code","1,5","1,","Alta","Pendiente"
"UNE9D15","227","Diplomado UneWeb","Programación Full Stack con Python e IA","Nivel 9 — Python II: Tkinter","Marzo 2027 · Día 15","15","Clase diaria 15: Práctica P2: aplicación con menús, diálogos y layouts personalizados","Completar la práctica p2: aplicación con menús, diálogos y layouts personalizados y demostrar los conocimientos acumulados.","Práctica P2: aplicación con menús, diálogos y layouts personalizados","Desarrollar paso a paso la práctica p2: aplicación con menús, diálogos y layouts personalizados.","Entregar la evidencia funcional de la práctica p2: aplicación con menús, diálogos y layouts personalizados.","CRUD de escritorio","Python, Tkinter, MySQL, VS Code","1,5","1,","Alta","Pendiente"
"UNE9D16","228","Diplomado UneWeb","Programación Full Stack con Python e IA","Nivel 9 — Python II: Tkinter","Marzo 2027 · Día 16","16","Clase diaria 16: Fundamentos de diálogos de mensajes y archivos","Comprender y aplicar fundamentos de diálogos de mensajes y archivos dentro del objetivo del Nivel 9.","Fundamentos de diálogos de mensajes y archivos","Realizar un ejemplo guiado de fundamentos de diálogos de mensajes y archivos.","Resolver una práctica corta y responder preguntas de comprobación.","CRUD de escritorio","Python, Tkinter, MySQL, VS Code","1,5","1,","Alta","Pendiente"
"UNE9D17","229","Diplomado UneWeb","Programación Full Stack con Python e IA","Nivel 9 — Python II: Tkinter","Marzo 2027 · Día 17","17","Clase diaria 17: Ejercicio guiado de diálogos de mensajes y archivos","Comprender y aplicar ejercicio guiado de diálogos de mensajes y archivos dentro del objetivo del Nivel 9.","Ejercicio guiado de diálogos de mensajes y archivos","Realizar un ejemplo guiado de ejercicio guiado de diálogos de mensajes y archivos.","Resolver una práctica corta y responder preguntas de comprobación.","CRUD de escritorio","Python, Tkinter, MySQL, VS Code","1,5","1,","Alta","Pendiente"
"UNE9D18","230","Diplomado UneWeb","Programación Full Stack con Python e IA","Nivel 9 — Python II: Tkinter","Marzo 2027 · Día 18","18","Clase diaria 18: Fundamentos de layouts con pack, grid y place","Comprender y aplicar fundamentos de layouts con pack, grid y place dentro del objetivo del Nivel 9.","Fundamentos de layouts con pack, grid y place","Realizar un ejemplo guiado de fundamentos de layouts con pack, grid y place.","Resolver una práctica corta y responder preguntas de comprobación.","CRUD de escritorio","Python, Tkinter, MySQL, VS Code","1,5","1,","Alta","Pendiente"
"UNE9D19","231","Diplomado UneWeb","Programación Full Stack con Python e IA","Nivel 9 — Python II: Tkinter","Marzo 2027 · Día 19","19","Clase diaria 19: Ejercicio guiado de layouts con pack, grid y place","Comprender y aplicar ejercicio guiado de layouts con pack, grid y place dentro del objetivo del Nivel 9.","Ejercicio guiado de layouts con pack, grid y place","Realizar un ejemplo guiado de ejercicio guiado de layouts con pack, grid y place.","Resolver una práctica corta y responder preguntas de comprobación.","CRUD de escritorio","Python, Tkinter, MySQL, VS Code","1,5","1,","Alta","Pendiente"
"UNE9D20","232","Diplomado UneWeb","Programación Full Stack con Python e IA","Nivel 9 — Python II: Tkinter","Marzo 2027 · Día 20","20","Clase diaria 20: Práctica P3: gestión de eventos en una interfaz gráfica","Completar la práctica p3: gestión de eventos en una interfaz gráfica y demostrar los conocimientos acumulados.","Práctica P3: gestión de eventos en una interfaz gráfica","Desarrollar paso a paso la práctica p3: gestión de eventos en una interfaz gráfica.","Entregar la evidencia funcional de la práctica p3: gestión de eventos en una interfaz gráfica.","CRUD de escritorio","Python, Tkinter, MySQL, VS Code","1,5","1,","Alta","Pendiente"
"UNE9D21","233","Diplomado UneWeb","Programación Full Stack con Python e IA","Nivel 9 — Python II: Tkinter","Marzo 2027 · Día 21","21","Clase diaria 21: Fundamentos de menús y barras de opciones","Comprender y aplicar fundamentos de menús y barras de opciones dentro del objetivo del Nivel 9.","Fundamentos de menús y barras de opciones","Realizar un ejemplo guiado de fundamentos de menús y barras de opciones.","Resolver una práctica corta y responder preguntas de comprobación.","CRUD de escritorio","Python, Tkinter, MySQL, VS Code","1,5","1,","Alta","Pendiente"
"UNE9D22","234","Diplomado UneWeb","Programación Full Stack con Python e IA","Nivel 9 — Python II: Tkinter","Marzo 2027 · Día 22","22","Clase diaria 22: Ejercicio guiado de menús y barras de opciones","Comprender y aplicar ejercicio guiado de menús y barras de opciones dentro del objetivo del Nivel 9.","Ejercicio guiado de menús y barras de opciones","Realizar un ejemplo guiado de ejercicio guiado de menús y barras de opciones.","Resolver una práctica corta y responder preguntas de comprobación.","CRUD de escritorio","Python, Tkinter, MySQL, VS Code","1,5","1,","Alta","Pendiente"
"UNE9D23","235","Diplomado UneWeb","Programación Full Stack con Python e IA","Nivel 9 — Python II: Tkinter","Marzo 2027 · Día 23","23","Clase diaria 23: Fundamentos de gestión de eventos y bindings","Comprender y aplicar fundamentos de gestión de eventos y bindings dentro del objetivo del Nivel 9.","Fundamentos de gestión de eventos y bindings","Realizar un ejemplo guiado de fundamentos de gestión de eventos y bindings.","Resolver una práctica corta y responder preguntas de comprobación.","CRUD de escritorio","Python, Tkinter, MySQL, VS Code","1,5","1,","Alta","Pendiente"
"UNE9D24","236","Diplomado UneWeb","Programación Full Stack con Python e IA","Nivel 9 — Python II: Tkinter","Marzo 2027 · Día 24","24","Clase diaria 24: Ejercicio guiado de gestión de eventos y bindings","Comprender y aplicar ejercicio guiado de gestión de eventos y bindings dentro del objetivo del Nivel 9.","Ejercicio guiado de gestión de eventos y bindings","Realizar un ejemplo guiado de ejercicio guiado de gestión de eventos y bindings.","Resolver una práctica corta y responder preguntas de comprobación.","CRUD de escritorio","Python, Tkinter, MySQL, VS Code","1,5","1,","Alta","Pendiente"
"UNE9D25","237","Diplomado UneWeb","Programación Full Stack con Python e IA","Nivel 9 — Python II: Tkinter","Marzo 2027 · Día 25","25","Clase diaria 25: Fundamentos de diseño usable de interfaces","Comprender y aplicar fundamentos de diseño usable de interfaces dentro del objetivo del Nivel 9.","Fundamentos de diseño usable de interfaces","Realizar un ejemplo guiado de fundamentos de diseño usable de interfaces.","Resolver una práctica corta y responder preguntas de comprobación.","CRUD de escritorio","Python, Tkinter, MySQL, VS Code","1,5","1,","Alta","Pendiente"
"UNE9D26","238","Diplomado UneWeb","Programación Full Stack con Python e IA","Nivel 9 — Python II: Tkinter","Marzo 2027 · Día 26","26","Clase diaria 26: Práctica P4: conexión de una interfaz Tkinter a MySQL","Completar la práctica p4: conexión de una interfaz tkinter a mysql y demostrar los conocimientos acumulados.","Práctica P4: conexión de una interfaz Tkinter a MySQL","Desarrollar paso a paso la práctica p4: conexión de una interfaz tkinter a mysql.","Entregar la evidencia funcional de la práctica p4: conexión de una interfaz tkinter a mysql.","CRUD de escritorio","Python, Tkinter, MySQL, VS Code","1,5","1,","Alta","Pendiente"
"UNE9D27","239","Diplomado UneWeb","Programación Full Stack con Python e IA","Nivel 9 — Python II: Tkinter","Marzo 2027 · Día 27","27","Clase diaria 27: Fundamentos de CRUD: INSERT y SELECT desde la interfaz","Comprender y aplicar fundamentos de crud: insert y select desde la interfaz dentro del objetivo del Nivel 9.","Fundamentos de CRUD: INSERT y SELECT desde la interfaz","Realizar un ejemplo guiado de fundamentos de crud: insert y select desde la interfaz.","Resolver una práctica corta y responder preguntas de comprobación.","CRUD de escritorio","Python, Tkinter, MySQL, VS Code","1,5","1,","Alta","Pendiente"
"UNE9D28","240","Diplomado UneWeb","Programación Full Stack con Python e IA","Nivel 9 — Python II: Tkinter","Marzo 2027 · Día 28","28","Clase diaria 28: Fundamentos de CRUD: UPDATE y DELETE desde la interfaz","Comprender y aplicar fundamentos de crud: update y delete desde la interfaz dentro del objetivo del Nivel 9.","Fundamentos de CRUD: UPDATE y DELETE desde la interfaz","Realizar un ejemplo guiado de fundamentos de crud: update y delete desde la interfaz.","Resolver una práctica corta y responder preguntas de comprobación.","CRUD de escritorio","Python, Tkinter, MySQL, VS Code","1,5","1,","Alta","Pendiente"
"UNE9D29","241","Diplomado UneWeb","Programación Full Stack con Python e IA","Nivel 9 — Python II: Tkinter","Marzo 2027 · Día 29","29","Clase diaria 29: Fundamentos de conexión de Tkinter con MySQL","Comprender y aplicar fundamentos de conexión de tkinter con mysql dentro del objetivo del Nivel 9.","Fundamentos de conexión de Tkinter con MySQL","Realizar un ejemplo guiado de fundamentos de conexión de tkinter con mysql.","Resolver una práctica corta y responder preguntas de comprobación.","CRUD de escritorio","Python, Tkinter, MySQL, VS Code","1,5","1,","Alta","Pendiente"
"UNE9D30","242","Diplomado UneWeb","Programación Full Stack con Python e IA","Nivel 9 — Python II: Tkinter","Marzo 2027 · Día 30","30","Clase diaria 30: Práctica P5: proyecto de aplicación CRUD de escritorio completa","Completar la práctica p5: proyecto de aplicación crud de escritorio completa y demostrar los conocimientos acumulados.","Práctica P5: proyecto de aplicación CRUD de escritorio completa","Desarrollar paso a paso la práctica p5: proyecto de aplicación crud de escritorio completa.","Entregar la evidencia funcional de la práctica p5: proyecto de aplicación crud de escritorio completa.","CRUD de escritorio","Python, Tkinter, MySQL, VS Code","1,5","1,","Alta","Pendiente"
"UNE9D31","243","Diplomado UneWeb","Programación Full Stack con Python e IA","Nivel 9 — Python II: Tkinter","Marzo 2027 · Día 31","31","Clase diaria 31: Evaluación integral, corrección de errores y cierre del Nivel 9","Comprender y aplicar evaluación integral, corrección de errores y cierre del nivel 9 dentro del objetivo del Nivel 9.","Evaluación integral, corrección de errores y cierre del Nivel 9","Realizar un ejemplo guiado de evaluación integral, corrección de errores y cierre del nivel 9.","Resolver una práctica corta y responder preguntas de comprobación.","CRUD de escritorio","Python, Tkinter, MySQL, VS Code","1,5","1,","Alta","Pendiente"
"UNE10D01","244","Diplomado UneWeb","Programación Full Stack con Python e IA","Nivel 10 — Python III: Flask","Abril 2027 · Día 1","1","Clase diaria 1: Introducción al Nivel 10: objetivos, herramientas y proyecto del mes","Comprender y aplicar introducción al nivel 10: objetivos, herramientas y proyecto del mes dentro del objetivo del Nivel 10.","Introducción al Nivel 10: objetivos, herramientas y proyecto del mes","Realizar un ejemplo guiado de introducción al nivel 10: objetivos, herramientas y proyecto del mes.","Resolver una práctica corta y responder preguntas de comprobación.","Servicio Flask","Python, Flask, SQLAlchemy, Alembic, VS Code","1,5","1,","Alta","Pendiente"
"UNE10D02","245","Diplomado UneWeb","Programación Full Stack con Python e IA","Nivel 10 — Python III: Flask","Abril 2027 · Día 2","2","Clase diaria 2: Fundamentos de entorno virtual, instalación y estructura de Flask","Comprender y aplicar fundamentos de entorno virtual, instalación y estructura de flask dentro del objetivo del Nivel 10.","Fundamentos de entorno virtual, instalación y estructura de Flask","Realizar un ejemplo guiado de fundamentos de entorno virtual, instalación y estructura de flask.","Resolver una práctica corta y responder preguntas de comprobación.","Servicio Flask","Python, Flask, SQLAlchemy, Alembic, VS Code","1,5","1,","Alta","Pendiente"
"UNE10D03","246","Diplomado UneWeb","Programación Full Stack con Python e IA","Nivel 10 — Python III: Flask","Abril 2027 · Día 3","3","Clase diaria 3: Ejercicio guiado de entorno virtual, instalación y estructura de Flask","Comprender y aplicar ejercicio guiado de entorno virtual, instalación y estructura de flask dentro del objetivo del Nivel 10.","Ejercicio guiado de entorno virtual, instalación y estructura de Flask","Realizar un ejemplo guiado de ejercicio guiado de entorno virtual, instalación y estructura de flask.","Resolver una práctica corta y responder preguntas de comprobación.","Servicio Flask","Python, Flask, SQLAlchemy, Alembic, VS Code","1,5","1,","Alta","Pendiente"
"UNE10D04","247","Diplomado UneWeb","Programación Full Stack con Python e IA","Nivel 10 — Python III: Flask","Abril 2027 · Día 4","4","Clase diaria 4: Fundamentos de rutas y vistas en Flask","Comprender y aplicar fundamentos de rutas y vistas en flask dentro del objetivo del Nivel 10.","Fundamentos de rutas y vistas en Flask","Realizar un ejemplo guiado de fundamentos de rutas y vistas en flask.","Resolver una práctica corta y responder preguntas de comprobación.","Servicio Flask","Python, Flask, SQLAlchemy, Alembic, VS Code","1,5","1,","Alta","Pendiente"
"UNE10D05","248","Diplomado UneWeb","Programación Full Stack con Python e IA","Nivel 10 — Python III: Flask","Abril 2027 · Día 5","5","Clase diaria 5: Ejercicio guiado de rutas y vistas en Flask","Comprender y aplicar ejercicio guiado de rutas y vistas en flask dentro del objetivo del Nivel 10.","Ejercicio guiado de rutas y vistas en Flask","Realizar un ejemplo guiado de ejercicio guiado de rutas y vistas en flask.","Resolver una práctica corta y responder preguntas de comprobación.","Servicio Flask","Python, Flask, SQLAlchemy, Alembic, VS Code","1,5","1,","Alta","Pendiente"
"UNE10D06","249","Diplomado UneWeb","Programación Full Stack con Python e IA","Nivel 10 — Python III: Flask","Abril 2027 · Día 6","6","Clase diaria 6: Fundamentos de templates con Jinja","Comprender y aplicar fundamentos de templates con jinja dentro del objetivo del Nivel 10.","Fundamentos de templates con Jinja","Realizar un ejemplo guiado de fundamentos de templates con jinja.","Resolver una práctica corta y responder preguntas de comprobación.","Servicio Flask","Python, Flask, SQLAlchemy, Alembic, VS Code","1,5","1,","Alta","Pendiente"
"UNE10D07","250","Diplomado UneWeb","Programación Full Stack con Python e IA","Nivel 10 — Python III: Flask","Abril 2027 · Día 7","7","Clase diaria 7: Ejercicio guiado de templates con Jinja","Comprender y aplicar ejercicio guiado de templates con jinja dentro del objetivo del Nivel 10.","Ejercicio guiado de templates con Jinja","Realizar un ejemplo guiado de ejercicio guiado de templates con jinja.","Resolver una práctica corta y responder preguntas de comprobación.","Servicio Flask","Python, Flask, SQLAlchemy, Alembic, VS Code","1,5","1,","Alta","Pendiente"
"UNE10D08","251","Diplomado UneWeb","Programación Full Stack con Python e IA","Nivel 10 — Python III: Flask","Abril 2027 · Día 8","8","Clase diaria 8: Práctica P1: aplicación Flask con templates y formularios","Completar la práctica p1: aplicación flask con templates y formularios y demostrar los conocimientos acumulados.","Práctica P1: aplicación Flask con templates y formularios","Desarrollar paso a paso la práctica p1: aplicación flask con templates y formularios.","Entregar la evidencia funcional de la práctica p1: aplicación flask con templates y formularios.","Servicio Flask","Python, Flask, SQLAlchemy, Alembic, VS Code","1,5","1,","Alta","Pendiente"
"UNE10D09","252","Diplomado UneWeb","Programación Full Stack con Python e IA","Nivel 10 — Python III: Flask","Abril 2027 · Día 9","9","Clase diaria 9: Fundamentos de formularios y validación","Comprender y aplicar fundamentos de formularios y validación dentro del objetivo del Nivel 10.","Fundamentos de formularios y validación","Realizar un ejemplo guiado de fundamentos de formularios y validación.","Resolver una práctica corta y responder preguntas de comprobación.","Servicio Flask","Python, Flask, SQLAlchemy, Alembic, VS Code","1,5","1,","Alta","Pendiente"
"UNE10D10","253","Diplomado UneWeb","Programación Full Stack con Python e IA","Nivel 10 — Python III: Flask","Abril 2027 · Día 10","10","Clase diaria 10: Ejercicio guiado de formularios y validación","Comprender y aplicar ejercicio guiado de formularios y validación dentro del objetivo del Nivel 10.","Ejercicio guiado de formularios y validación","Realizar un ejemplo guiado de ejercicio guiado de formularios y validación.","Resolver una práctica corta y responder preguntas de comprobación.","Servicio Flask","Python, Flask, SQLAlchemy, Alembic, VS Code","1,5","1,","Alta","Pendiente"
"UNE10D11","254","Diplomado UneWeb","Programación Full Stack con Python e IA","Nivel 10 — Python III: Flask","Abril 2027 · Día 11","11","Clase diaria 11: Fundamentos de sesiones","Comprender y aplicar fundamentos de sesiones dentro del objetivo del Nivel 10.","Fundamentos de sesiones","Realizar un ejemplo guiado de fundamentos de sesiones.","Resolver una práctica corta y responder preguntas de comprobación.","Servicio Flask","Python, Flask, SQLAlchemy, Alembic, VS Code","1,5","1,","Alta","Pendiente"
"UNE10D12","255","Diplomado UneWeb","Programación Full Stack con Python e IA","Nivel 10 — Python III: Flask","Abril 2027 · Día 12","12","Clase diaria 12: Ejercicio guiado de sesiones","Comprender y aplicar ejercicio guiado de sesiones dentro del objetivo del Nivel 10.","Ejercicio guiado de sesiones","Realizar un ejemplo guiado de ejercicio guiado de sesiones.","Resolver una práctica corta y responder preguntas de comprobación.","Servicio Flask","Python, Flask, SQLAlchemy, Alembic, VS Code","1,5","1,","Alta","Pendiente"
"UNE10D13","256","Diplomado UneWeb","Programación Full Stack con Python e IA","Nivel 10 — Python III: Flask","Abril 2027 · Día 13","13","Clase diaria 13: Fundamentos de cookies","Comprender y aplicar fundamentos de cookies dentro del objetivo del Nivel 10.","Fundamentos de cookies","Realizar un ejemplo guiado de fundamentos de cookies.","Resolver una práctica corta y responder preguntas de comprobación.","Servicio Flask","Python, Flask, SQLAlchemy, Alembic, VS Code","1,5","1,","Alta","Pendiente"
"UNE10D14","257","Diplomado UneWeb","Programación Full Stack con Python e IA","Nivel 10 — Python III: Flask","Abril 2027 · Día 14","14","Clase diaria 14: Ejercicio guiado de cookies","Comprender y aplicar ejercicio guiado de cookies dentro del objetivo del Nivel 10.","Ejercicio guiado de cookies","Realizar un ejemplo guiado de ejercicio guiado de cookies.","Resolver una práctica corta y responder preguntas de comprobación.","Servicio Flask","Python, Flask, SQLAlchemy, Alembic, VS Code","1,5","1,","Alta","Pendiente"
"UNE10D15","258","Diplomado UneWeb","Programación Full Stack con Python e IA","Nivel 10 — Python III: Flask","Abril 2027 · Día 15","15","Clase diaria 15: Práctica P2: persistencia con SQLAlchemy y migraciones con Alembic","Completar la práctica p2: persistencia con sqlalchemy y migraciones con alembic y demostrar los conocimientos acumulados.","Práctica P2: persistencia con SQLAlchemy y migraciones con Alembic","Desarrollar paso a paso la práctica p2: persistencia con sqlalchemy y migraciones con alembic.","Entregar la evidencia funcional de la práctica p2: persistencia con sqlalchemy y migraciones con alembic.","Servicio Flask","Python, Flask, SQLAlchemy, Alembic, VS Code","1,5","1,","Alta","Pendiente"
"UNE10D16","259","Diplomado UneWeb","Programación Full Stack con Python e IA","Nivel 10 — Python III: Flask","Abril 2027 · Día 16","16","Clase diaria 16: Fundamentos de integración de bases de datos con SQLAlchemy","Comprender y aplicar fundamentos de integración de bases de datos con sqlalchemy dentro del objetivo del Nivel 10.","Fundamentos de integración de bases de datos con SQLAlchemy","Realizar un ejemplo guiado de fundamentos de integración de bases de datos con sqlalchemy.","Resolver una práctica corta y responder preguntas de comprobación.","Servicio Flask","Python, Flask, SQLAlchemy, Alembic, VS Code","1,5","1,","Alta","Pendiente"
"UNE10D17","260","Diplomado UneWeb","Programación Full Stack con Python e IA","Nivel 10 — Python III: Flask","Abril 2027 · Día 17","17","Clase diaria 17: Ejercicio guiado de integración de bases de datos con SQLAlchemy","Comprender y aplicar ejercicio guiado de integración de bases de datos con sqlalchemy dentro del objetivo del Nivel 10.","Ejercicio guiado de integración de bases de datos con SQLAlchemy","Realizar un ejemplo guiado de ejercicio guiado de integración de bases de datos con sqlalchemy.","Resolver una práctica corta y responder preguntas de comprobación.","Servicio Flask","Python, Flask, SQLAlchemy, Alembic, VS Code","1,5","1,","Alta","Pendiente"
"UNE10D18","261","Diplomado UneWeb","Programación Full Stack con Python e IA","Nivel 10 — Python III: Flask","Abril 2027 · Día 18","18","Clase diaria 18: Fundamentos de modelos y relaciones con SQLAlchemy","Comprender y aplicar fundamentos de modelos y relaciones con sqlalchemy dentro del objetivo del Nivel 10.","Fundamentos de modelos y relaciones con SQLAlchemy","Realizar un ejemplo guiado de fundamentos de modelos y relaciones con sqlalchemy.","Resolver una práctica corta y responder preguntas de comprobación.","Servicio Flask","Python, Flask, SQLAlchemy, Alembic, VS Code","1,5","1,","Alta","Pendiente"
"UNE10D19","262","Diplomado UneWeb","Programación Full Stack con Python e IA","Nivel 10 — Python III: Flask","Abril 2027 · Día 19","19","Clase diaria 19: Ejercicio guiado de modelos y relaciones con SQLAlchemy","Comprender y aplicar ejercicio guiado de modelos y relaciones con sqlalchemy dentro del objetivo del Nivel 10.","Ejercicio guiado de modelos y relaciones con SQLAlchemy","Realizar un ejemplo guiado de ejercicio guiado de modelos y relaciones con sqlalchemy.","Resolver una práctica corta y responder preguntas de comprobación.","Servicio Flask","Python, Flask, SQLAlchemy, Alembic, VS Code","1,5","1,","Alta","Pendiente"
"UNE10D20","263","Diplomado UneWeb","Programación Full Stack con Python e IA","Nivel 10 — Python III: Flask","Abril 2027 · Día 20","20","Clase diaria 20: Fundamentos de migraciones con Alembic","Comprender y aplicar fundamentos de migraciones con alembic dentro del objetivo del Nivel 10.","Fundamentos de migraciones con Alembic","Realizar un ejemplo guiado de fundamentos de migraciones con alembic.","Resolver una práctica corta y responder preguntas de comprobación.","Servicio Flask","Python, Flask, SQLAlchemy, Alembic, VS Code","1,5","1,","Alta","Pendiente"
"UNE10D21","264","Diplomado UneWeb","Programación Full Stack con Python e IA","Nivel 10 — Python III: Flask","Abril 2027 · Día 21","21","Clase diaria 21: Fundamentos de servicios web REST con Flask","Comprender y aplicar fundamentos de servicios web rest con flask dentro del objetivo del Nivel 10.","Fundamentos de servicios web REST con Flask","Realizar un ejemplo guiado de fundamentos de servicios web rest con flask.","Resolver una práctica corta y responder preguntas de comprobación.","Servicio Flask","Python, Flask, SQLAlchemy, Alembic, VS Code","1,5","1,","Alta","Pendiente"
"UNE10D22","265","Diplomado UneWeb","Programación Full Stack con Python e IA","Nivel 10 — Python III: Flask","Abril 2027 · Día 22","22","Clase diaria 22: Práctica P3: API REST construida con Flask","Completar la práctica p3: api rest construida con flask y demostrar los conocimientos acumulados.","Práctica P3: API REST construida con Flask","Desarrollar paso a paso la práctica p3: api rest construida con flask.","Entregar la evidencia funcional de la práctica p3: api rest construida con flask.","Servicio Flask","Python, Flask, SQLAlchemy, Alembic, VS Code","1,5","1,","Alta","Pendiente"
"UNE10D23","266","Diplomado UneWeb","Programación Full Stack con Python e IA","Nivel 10 — Python III: Flask","Abril 2027 · Día 23","23","Clase diaria 23: Fundamentos de diseño de endpoints, JSON y códigos HTTP","Comprender y aplicar fundamentos de diseño de endpoints, json y códigos http dentro del objetivo del Nivel 10.","Fundamentos de diseño de endpoints, JSON y códigos HTTP","Realizar un ejemplo guiado de fundamentos de diseño de endpoints, json y códigos http.","Resolver una práctica corta y responder preguntas de comprobación.","Servicio Flask","Python, Flask, SQLAlchemy, Alembic, VS Code","1,5","1,","Alta","Pendiente"
"UNE10D24","267","Diplomado UneWeb","Programación Full Stack con Python e IA","Nivel 10 — Python III: Flask","Abril 2027 · Día 24","24","Clase diaria 24: Fundamentos de introducción a GraphQL","Comprender y aplicar fundamentos de introducción a graphql dentro del objetivo del Nivel 10.","Fundamentos de introducción a GraphQL","Realizar un ejemplo guiado de fundamentos de introducción a graphql.","Resolver una práctica corta y responder preguntas de comprobación.","Servicio Flask","Python, Flask, SQLAlchemy, Alembic, VS Code","1,5","1,","Alta","Pendiente"
"UNE10D25","268","Diplomado UneWeb","Programación Full Stack con Python e IA","Nivel 10 — Python III: Flask","Abril 2027 · Día 25","25","Clase diaria 25: Fundamentos de tests de aplicaciones Flask","Comprender y aplicar fundamentos de tests de aplicaciones flask dentro del objetivo del Nivel 10.","Fundamentos de tests de aplicaciones Flask","Realizar un ejemplo guiado de fundamentos de tests de aplicaciones flask.","Resolver una práctica corta y responder preguntas de comprobación.","Servicio Flask","Python, Flask, SQLAlchemy, Alembic, VS Code","1,5","1,","Alta","Pendiente"
"UNE10D26","269","Diplomado UneWeb","Programación Full Stack con Python e IA","Nivel 10 — Python III: Flask","Abril 2027 · Día 26","26","Clase diaria 26: Práctica P4: librería propia publicada en modo de prueba","Completar la práctica p4: librería propia publicada en modo de prueba y demostrar los conocimientos acumulados.","Práctica P4: librería propia publicada en modo de prueba","Desarrollar paso a paso la práctica p4: librería propia publicada en modo de prueba.","Entregar la evidencia funcional de la práctica p4: librería propia publicada en modo de prueba.","Servicio Flask","Python, Flask, SQLAlchemy, Alembic, VS Code","1,5","1,","Alta","Pendiente"
"UNE10D27","270","Diplomado UneWeb","Programación Full Stack con Python e IA","Nivel 10 — Python III: Flask","Abril 2027 · Día 27","27","Clase diaria 27: Fundamentos de creación y empaquetado de una librería","Comprender y aplicar fundamentos de creación y empaquetado de una librería dentro del objetivo del Nivel 10.","Fundamentos de creación y empaquetado de una librería","Realizar un ejemplo guiado de fundamentos de creación y empaquetado de una librería.","Resolver una práctica corta y responder preguntas de comprobación.","Servicio Flask","Python, Flask, SQLAlchemy, Alembic, VS Code","1,5","1,","Alta","Pendiente"
"UNE10D28","271","Diplomado UneWeb","Programación Full Stack con Python e IA","Nivel 10 — Python III: Flask","Abril 2027 · Día 28","28","Clase diaria 28: Fundamentos de publicación de prueba en PyPI","Comprender y aplicar fundamentos de publicación de prueba en pypi dentro del objetivo del Nivel 10.","Fundamentos de publicación de prueba en PyPI","Realizar un ejemplo guiado de fundamentos de publicación de prueba en pypi.","Resolver una práctica corta y responder preguntas de comprobación.","Servicio Flask","Python, Flask, SQLAlchemy, Alembic, VS Code","1,5","1,","Alta","Pendiente"
"UNE10D29","272","Diplomado UneWeb","Programación Full Stack con Python e IA","Nivel 10 — Python III: Flask","Abril 2027 · Día 29","29","Clase diaria 29: Fundamentos de configuración y despliegue de Flask","Comprender y aplicar fundamentos de configuración y despliegue de flask dentro del objetivo del Nivel 10.","Fundamentos de configuración y despliegue de Flask","Realizar un ejemplo guiado de fundamentos de configuración y despliegue de flask.","Resolver una práctica corta y responder preguntas de comprobación.","Servicio Flask","Python, Flask, SQLAlchemy, Alembic, VS Code","1,5","1,","Alta","Pendiente"
"UNE10D30","273","Diplomado UneWeb","Programación Full Stack con Python e IA","Nivel 10 — Python III: Flask","Abril 2027 · Día 30","30","Clase diaria 30: Práctica P5: proyecto de servicio web Flask con base de datos y despliegue","Completar la práctica p5: proyecto de servicio web flask con base de datos y despliegue y demostrar los conocimientos acumulados.","Práctica P5: proyecto de servicio web Flask con base de datos y despliegue","Desarrollar paso a paso la práctica p5: proyecto de servicio web flask con base de datos y despliegue.","Entregar la evidencia funcional de la práctica p5: proyecto de servicio web flask con base de datos y despliegue.","Servicio Flask","Python, Flask, SQLAlchemy, Alembic, VS Code","1,5","1,","Alta","Pendiente"
"UNE11D01","274","Diplomado UneWeb","Programación Full Stack con Python e IA","Nivel 11 — Python IV: Django","Mayo 2027 · Día 1","1","Clase diaria 1: Introducción al Nivel 11: objetivos, herramientas y proyecto del mes","Comprender y aplicar introducción al nivel 11: objetivos, herramientas y proyecto del mes dentro del objetivo del Nivel 11.","Introducción al Nivel 11: objetivos, herramientas y proyecto del mes","Realizar un ejemplo guiado de introducción al nivel 11: objetivos, herramientas y proyecto del mes.","Resolver una práctica corta y responder preguntas de comprobación.","Aplicación Django","Python, Django, Django REST Framework, VS Code","1,5","1,","Alta","Pendiente"
"UNE11D02","275","Diplomado UneWeb","Programación Full Stack con Python e IA","Nivel 11 — Python IV: Django","Mayo 2027 · Día 2","2","Clase diaria 2: Fundamentos de instalación, proyecto y servidor de desarrollo de Django","Comprender y aplicar fundamentos de instalación, proyecto y servidor de desarrollo de django dentro del objetivo del Nivel 11.","Fundamentos de instalación, proyecto y servidor de desarrollo de Django","Realizar un ejemplo guiado de fundamentos de instalación, proyecto y servidor de desarrollo de django.","Resolver una práctica corta y responder preguntas de comprobación.","Aplicación Django","Python, Django, Django REST Framework, VS Code","1,5","1,","Alta","Pendiente"
"UNE11D03","276","Diplomado UneWeb","Programación Full Stack con Python e IA","Nivel 11 — Python IV: Django","Mayo 2027 · Día 3","3","Clase diaria 3: Ejercicio guiado de instalación, proyecto y servidor de desarrollo de Django","Comprender y aplicar ejercicio guiado de instalación, proyecto y servidor de desarrollo de django dentro del objetivo del Nivel 11.","Ejercicio guiado de instalación, proyecto y servidor de desarrollo de Django","Realizar un ejemplo guiado de ejercicio guiado de instalación, proyecto y servidor de desarrollo de django.","Resolver una práctica corta y responder preguntas de comprobación.","Aplicación Django","Python, Django, Django REST Framework, VS Code","1,5","1,","Alta","Pendiente"
"UNE11D04","277","Diplomado UneWeb","Programación Full Stack con Python e IA","Nivel 11 — Python IV: Django","Mayo 2027 · Día 4","4","Clase diaria 4: Fundamentos de creación y organización de aplicaciones Django","Comprender y aplicar fundamentos de creación y organización de aplicaciones django dentro del objetivo del Nivel 11.","Fundamentos de creación y organización de aplicaciones Django","Realizar un ejemplo guiado de fundamentos de creación y organización de aplicaciones django.","Resolver una práctica corta y responder preguntas de comprobación.","Aplicación Django","Python, Django, Django REST Framework, VS Code","1,5","1,","Alta","Pendiente"
"UNE11D05","278","Diplomado UneWeb","Programación Full Stack con Python e IA","Nivel 11 — Python IV: Django","Mayo 2027 · Día 5","5","Clase diaria 5: Ejercicio guiado de creación y organización de aplicaciones Django","Comprender y aplicar ejercicio guiado de creación y organización de aplicaciones django dentro del objetivo del Nivel 11.","Ejercicio guiado de creación y organización de aplicaciones Django","Realizar un ejemplo guiado de ejercicio guiado de creación y organización de aplicaciones django.","Resolver una práctica corta y responder preguntas de comprobación.","Aplicación Django","Python, Django, Django REST Framework, VS Code","1,5","1,","Alta","Pendiente"
"UNE11D06","279","Diplomado UneWeb","Programación Full Stack con Python e IA","Nivel 11 — Python IV: Django","Mayo 2027 · Día 6","6","Clase diaria 6: Fundamentos de modelos y tipos de campos","Comprender y aplicar fundamentos de modelos y tipos de campos dentro del objetivo del Nivel 11.","Fundamentos de modelos y tipos de campos","Realizar un ejemplo guiado de fundamentos de modelos y tipos de campos.","Resolver una práctica corta y responder preguntas de comprobación.","Aplicación Django","Python, Django, Django REST Framework, VS Code","1,5","1,","Alta","Pendiente"
"UNE11D07","280","Diplomado UneWeb","Programación Full Stack con Python e IA","Nivel 11 — Python IV: Django","Mayo 2027 · Día 7","7","Clase diaria 7: Ejercicio guiado de modelos y tipos de campos","Comprender y aplicar ejercicio guiado de modelos y tipos de campos dentro del objetivo del Nivel 11.","Ejercicio guiado de modelos y tipos de campos","Realizar un ejemplo guiado de ejercicio guiado de modelos y tipos de campos.","Resolver una práctica corta y responder preguntas de comprobación.","Aplicación Django","Python, Django, Django REST Framework, VS Code","1,5","1,","Alta","Pendiente"
"UNE11D08","281","Diplomado UneWeb","Programación Full Stack con Python e IA","Nivel 11 — Python IV: Django","Mayo 2027 · Día 8","8","Clase diaria 8: Práctica P1: proyecto Django con modelos y migraciones","Completar la práctica p1: proyecto django con modelos y migraciones y demostrar los conocimientos acumulados.","Práctica P1: proyecto Django con modelos y migraciones","Desarrollar paso a paso la práctica p1: proyecto django con modelos y migraciones.","Entregar la evidencia funcional de la práctica p1: proyecto django con modelos y migraciones.","Aplicación Django","Python, Django, Django REST Framework, VS Code","1,5","1,","Alta","Pendiente"
"UNE11D09","282","Diplomado UneWeb","Programación Full Stack con Python e IA","Nivel 11 — Python IV: Django","Mayo 2027 · Día 9","9","Clase diaria 9: Fundamentos de migraciones","Comprender y aplicar fundamentos de migraciones dentro del objetivo del Nivel 11.","Fundamentos de migraciones","Realizar un ejemplo guiado de fundamentos de migraciones.","Resolver una práctica corta y responder preguntas de comprobación.","Aplicación Django","Python, Django, Django REST Framework, VS Code","1,5","1,","Alta","Pendiente"
"UNE11D10","283","Diplomado UneWeb","Programación Full Stack con Python e IA","Nivel 11 — Python IV: Django","Mayo 2027 · Día 10","10","Clase diaria 10: Ejercicio guiado de migraciones","Comprender y aplicar ejercicio guiado de migraciones dentro del objetivo del Nivel 11.","Ejercicio guiado de migraciones","Realizar un ejemplo guiado de ejercicio guiado de migraciones.","Resolver una práctica corta y responder preguntas de comprobación.","Aplicación Django","Python, Django, Django REST Framework, VS Code","1,5","1,","Alta","Pendiente"
"UNE11D11","284","Diplomado UneWeb","Programación Full Stack con Python e IA","Nivel 11 — Python IV: Django","Mayo 2027 · Día 11","11","Clase diaria 11: Fundamentos de relaciones entre modelos","Comprender y aplicar fundamentos de relaciones entre modelos dentro del objetivo del Nivel 11.","Fundamentos de relaciones entre modelos","Realizar un ejemplo guiado de fundamentos de relaciones entre modelos.","Resolver una práctica corta y responder preguntas de comprobación.","Aplicación Django","Python, Django, Django REST Framework, VS Code","1,5","1,","Alta","Pendiente"
"UNE11D12","285","Diplomado UneWeb","Programación Full Stack con Python e IA","Nivel 11 — Python IV: Django","Mayo 2027 · Día 12","12","Clase diaria 12: Ejercicio guiado de relaciones entre modelos","Comprender y aplicar ejercicio guiado de relaciones entre modelos dentro del objetivo del Nivel 11.","Ejercicio guiado de relaciones entre modelos","Realizar un ejemplo guiado de ejercicio guiado de relaciones entre modelos.","Resolver una práctica corta y responder preguntas de comprobación.","Aplicación Django","Python, Django, Django REST Framework, VS Code","1,5","1,","Alta","Pendiente"
"UNE11D13","286","Diplomado UneWeb","Programación Full Stack con Python e IA","Nivel 11 — Python IV: Django","Mayo 2027 · Día 13","13","Clase diaria 13: Fundamentos de ORM de Django: consultas y filtros","Comprender y aplicar fundamentos de orm de django: consultas y filtros dentro del objetivo del Nivel 11.","Fundamentos de ORM de Django: consultas y filtros","Realizar un ejemplo guiado de fundamentos de orm de django: consultas y filtros.","Resolver una práctica corta y responder preguntas de comprobación.","Aplicación Django","Python, Django, Django REST Framework, VS Code","1,5","1,","Alta","Pendiente"
"UNE11D14","287","Diplomado UneWeb","Programación Full Stack con Python e IA","Nivel 11 — Python IV: Django","Mayo 2027 · Día 14","14","Clase diaria 14: Ejercicio guiado de ORM de Django: consultas y filtros","Comprender y aplicar ejercicio guiado de orm de django: consultas y filtros dentro del objetivo del Nivel 11.","Ejercicio guiado de ORM de Django: consultas y filtros","Realizar un ejemplo guiado de ejercicio guiado de orm de django: consultas y filtros.","Resolver una práctica corta y responder preguntas de comprobación.","Aplicación Django","Python, Django, Django REST Framework, VS Code","1,5","1,","Alta","Pendiente"
"UNE11D15","288","Diplomado UneWeb","Programación Full Stack con Python e IA","Nivel 11 — Python IV: Django","Mayo 2027 · Día 15","15","Clase diaria 15: Práctica P2: CRUD completo usando el ORM de Django","Completar la práctica p2: crud completo usando el orm de django y demostrar los conocimientos acumulados.","Práctica P2: CRUD completo usando el ORM de Django","Desarrollar paso a paso la práctica p2: crud completo usando el orm de django.","Entregar la evidencia funcional de la práctica p2: crud completo usando el orm de django.","Aplicación Django","Python, Django, Django REST Framework, VS Code","1,5","1,","Alta","Pendiente"
"UNE11D16","289","Diplomado UneWeb","Programación Full Stack con Python e IA","Nivel 11 — Python IV: Django","Mayo 2027 · Día 16","16","Clase diaria 16: Fundamentos de Django Shell","Comprender y aplicar fundamentos de django shell dentro del objetivo del Nivel 11.","Fundamentos de Django Shell","Realizar un ejemplo guiado de fundamentos de django shell.","Resolver una práctica corta y responder preguntas de comprobación.","Aplicación Django","Python, Django, Django REST Framework, VS Code","1,5","1,","Alta","Pendiente"
"UNE11D17","290","Diplomado UneWeb","Programación Full Stack con Python e IA","Nivel 11 — Python IV: Django","Mayo 2027 · Día 17","17","Clase diaria 17: Ejercicio guiado de Django Shell","Comprender y aplicar ejercicio guiado de django shell dentro del objetivo del Nivel 11.","Ejercicio guiado de Django Shell","Realizar un ejemplo guiado de ejercicio guiado de django shell.","Resolver una práctica corta y responder preguntas de comprobación.","Aplicación Django","Python, Django, Django REST Framework, VS Code","1,5","1,","Alta","Pendiente"
"UNE11D18","291","Diplomado UneWeb","Programación Full Stack con Python e IA","Nivel 11 — Python IV: Django","Mayo 2027 · Día 18","18","Clase diaria 18: Fundamentos de sistema de URLs","Comprender y aplicar fundamentos de sistema de urls dentro del objetivo del Nivel 11.","Fundamentos de sistema de URLs","Realizar un ejemplo guiado de fundamentos de sistema de urls.","Resolver una práctica corta y responder preguntas de comprobación.","Aplicación Django","Python, Django, Django REST Framework, VS Code","1,5","1,","Alta","Pendiente"
"UNE11D19","292","Diplomado UneWeb","Programación Full Stack con Python e IA","Nivel 11 — Python IV: Django","Mayo 2027 · Día 19","19","Clase diaria 19: Ejercicio guiado de sistema de URLs","Comprender y aplicar ejercicio guiado de sistema de urls dentro del objetivo del Nivel 11.","Ejercicio guiado de sistema de URLs","Realizar un ejemplo guiado de ejercicio guiado de sistema de urls.","Resolver una práctica corta y responder preguntas de comprobación.","Aplicación Django","Python, Django, Django REST Framework, VS Code","1,5","1,","Alta","Pendiente"
"UNE11D20","293","Diplomado UneWeb","Programación Full Stack con Python e IA","Nivel 11 — Python IV: Django","Mayo 2027 · Día 20","20","Clase diaria 20: Fundamentos de vistas basadas en funciones","Comprender y aplicar fundamentos de vistas basadas en funciones dentro del objetivo del Nivel 11.","Fundamentos de vistas basadas en funciones","Realizar un ejemplo guiado de fundamentos de vistas basadas en funciones.","Resolver una práctica corta y responder preguntas de comprobación.","Aplicación Django","Python, Django, Django REST Framework, VS Code","1,5","1,","Alta","Pendiente"
"UNE11D21","294","Diplomado UneWeb","Programación Full Stack con Python e IA","Nivel 11 — Python IV: Django","Mayo 2027 · Día 21","21","Clase diaria 21: Ejercicio guiado de vistas basadas en funciones","Comprender y aplicar ejercicio guiado de vistas basadas en funciones dentro del objetivo del Nivel 11.","Ejercicio guiado de vistas basadas en funciones","Realizar un ejemplo guiado de ejercicio guiado de vistas basadas en funciones.","Resolver una práctica corta y responder preguntas de comprobación.","Aplicación Django","Python, Django, Django REST Framework, VS Code","1,5","1,","Alta","Pendiente"
"UNE11D22","295","Diplomado UneWeb","Programación Full Stack con Python e IA","Nivel 11 — Python IV: Django","Mayo 2027 · Día 22","22","Clase diaria 22: Práctica P3: sistema de plantillas y formularios en Django","Completar la práctica p3: sistema de plantillas y formularios en django y demostrar los conocimientos acumulados.","Práctica P3: sistema de plantillas y formularios en Django","Desarrollar paso a paso la práctica p3: sistema de plantillas y formularios en django.","Entregar la evidencia funcional de la práctica p3: sistema de plantillas y formularios en django.","Aplicación Django","Python, Django, Django REST Framework, VS Code","1,5","1,","Alta","Pendiente"
"UNE11D23","296","Diplomado UneWeb","Programación Full Stack con Python e IA","Nivel 11 — Python IV: Django","Mayo 2027 · Día 23","23","Clase diaria 23: Fundamentos de sistema de plantillas","Comprender y aplicar fundamentos de sistema de plantillas dentro del objetivo del Nivel 11.","Fundamentos de sistema de plantillas","Realizar un ejemplo guiado de fundamentos de sistema de plantillas.","Resolver una práctica corta y responder preguntas de comprobación.","Aplicación Django","Python, Django, Django REST Framework, VS Code","1,5","1,","Alta","Pendiente"
"UNE11D24","297","Diplomado UneWeb","Programación Full Stack con Python e IA","Nivel 11 — Python IV: Django","Mayo 2027 · Día 24","24","Clase diaria 24: Fundamentos de archivos estáticos","Comprender y aplicar fundamentos de archivos estáticos dentro del objetivo del Nivel 11.","Fundamentos de archivos estáticos","Realizar un ejemplo guiado de fundamentos de archivos estáticos.","Resolver una práctica corta y responder preguntas de comprobación.","Aplicación Django","Python, Django, Django REST Framework, VS Code","1,5","1,","Alta","Pendiente"
"UNE11D25","298","Diplomado UneWeb","Programación Full Stack con Python e IA","Nivel 11 — Python IV: Django","Mayo 2027 · Día 25","25","Clase diaria 25: Fundamentos de formularios y validación","Comprender y aplicar fundamentos de formularios y validación dentro del objetivo del Nivel 11.","Fundamentos de formularios y validación","Realizar un ejemplo guiado de fundamentos de formularios y validación.","Resolver una práctica corta y responder preguntas de comprobación.","Aplicación Django","Python, Django, Django REST Framework, VS Code","1,5","1,","Alta","Pendiente"
"UNE11D26","299","Diplomado UneWeb","Programación Full Stack con Python e IA","Nivel 11 — Python IV: Django","Mayo 2027 · Día 26","26","Clase diaria 26: Práctica P4: API REST con Django REST Framework","Completar la práctica p4: api rest con django rest framework y demostrar los conocimientos acumulados.","Práctica P4: API REST con Django REST Framework","Desarrollar paso a paso la práctica p4: api rest con django rest framework.","Entregar la evidencia funcional de la práctica p4: api rest con django rest framework.","Aplicación Django","Python, Django, Django REST Framework, VS Code","1,5","1,","Alta","Pendiente"
"UNE11D27","300","Diplomado UneWeb","Programación Full Stack con Python e IA","Nivel 11 — Python IV: Django","Mayo 2027 · Día 27","27","Clase diaria 27: Fundamentos de CRUD completo con Django","Comprender y aplicar fundamentos de crud completo con django dentro del objetivo del Nivel 11.","Fundamentos de CRUD completo con Django","Realizar un ejemplo guiado de fundamentos de crud completo con django.","Resolver una práctica corta y responder preguntas de comprobación.","Aplicación Django","Python, Django, Django REST Framework, VS Code","1,5","1,","Alta","Pendiente"
"UNE11D28","301","Diplomado UneWeb","Programación Full Stack con Python e IA","Nivel 11 — Python IV: Django","Mayo 2027 · Día 28","28","Clase diaria 28: Fundamentos de servicios web REST con Django","Comprender y aplicar fundamentos de servicios web rest con django dentro del objetivo del Nivel 11.","Fundamentos de servicios web REST con Django","Realizar un ejemplo guiado de fundamentos de servicios web rest con django.","Resolver una práctica corta y responder preguntas de comprobación.","Aplicación Django","Python, Django, Django REST Framework, VS Code","1,5","1,","Alta","Pendiente"
"UNE11D29","302","Diplomado UneWeb","Programación Full Stack con Python e IA","Nivel 11 — Python IV: Django","Mayo 2027 · Día 29","29","Clase diaria 29: Fundamentos de Django REST Framework: serializers y viewsets","Comprender y aplicar fundamentos de django rest framework: serializers y viewsets dentro del objetivo del Nivel 11.","Fundamentos de Django REST Framework: serializers y viewsets","Realizar un ejemplo guiado de fundamentos de django rest framework: serializers y viewsets.","Resolver una práctica corta y responder preguntas de comprobación.","Aplicación Django","Python, Django, Django REST Framework, VS Code","1,5","1,","Alta","Pendiente"
"UNE11D30","303","Diplomado UneWeb","Programación Full Stack con Python e IA","Nivel 11 — Python IV: Django","Mayo 2027 · Día 30","30","Clase diaria 30: Práctica P5: proyecto de aplicación web completa en Django","Completar la práctica p5: proyecto de aplicación web completa en django y demostrar los conocimientos acumulados.","Práctica P5: proyecto de aplicación web completa en Django","Desarrollar paso a paso la práctica p5: proyecto de aplicación web completa en django.","Entregar la evidencia funcional de la práctica p5: proyecto de aplicación web completa en django.","Aplicación Django","Python, Django, Django REST Framework, VS Code","1,5","1,","Alta","Pendiente"
"UNE11D31","304","Diplomado UneWeb","Programación Full Stack con Python e IA","Nivel 11 — Python IV: Django","Mayo 2027 · Día 31","31","Clase diaria 31: Evaluación integral, corrección de errores y cierre del Nivel 11","Comprender y aplicar evaluación integral, corrección de errores y cierre del nivel 11 dentro del objetivo del Nivel 11.","Evaluación integral, corrección de errores y cierre del Nivel 11","Realizar un ejemplo guiado de evaluación integral, corrección de errores y cierre del nivel 11.","Resolver una práctica corta y responder preguntas de comprobación.","Aplicación Django","Python, Django, Django REST Framework, VS Code","1,5","1,","Alta","Pendiente"
"UNE12D01","305","Diplomado UneWeb","Programación Full Stack con Python e IA","Nivel 12 — Testing, buenas prácticas y despliegue","Junio 2027 · Día 1","1","Clase diaria 1: Introducción al Nivel 12: objetivos, herramientas y proyecto del mes","Comprender y aplicar introducción al nivel 12: objetivos, herramientas y proyecto del mes dentro del objetivo del Nivel 12.","Introducción al Nivel 12: objetivos, herramientas y proyecto del mes","Realizar un ejemplo guiado de introducción al nivel 12: objetivos, herramientas y proyecto del mes.","Resolver una práctica corta y responder preguntas de comprobación.","Aplicación desplegada","pytest, unittest, Git, GitHub, Docker, nube","1,5","1,","Alta","Pendiente"
"UNE12D02","306","Diplomado UneWeb","Programación Full Stack con Python e IA","Nivel 12 — Testing, buenas prácticas y despliegue","Junio 2027 · Día 2","2","Clase diaria 2: Fundamentos de principios de testing y pirámide de pruebas","Comprender y aplicar fundamentos de principios de testing y pirámide de pruebas dentro del objetivo del Nivel 12.","Fundamentos de principios de testing y pirámide de pruebas","Realizar un ejemplo guiado de fundamentos de principios de testing y pirámide de pruebas.","Resolver una práctica corta y responder preguntas de comprobación.","Aplicación desplegada","pytest, unittest, Git, GitHub, Docker, nube","1,5","1,","Alta","Pendiente"
"UNE12D03","307","Diplomado UneWeb","Programación Full Stack con Python e IA","Nivel 12 — Testing, buenas prácticas y despliegue","Junio 2027 · Día 3","3","Clase diaria 3: Ejercicio guiado de principios de testing y pirámide de pruebas","Comprender y aplicar ejercicio guiado de principios de testing y pirámide de pruebas dentro del objetivo del Nivel 12.","Ejercicio guiado de principios de testing y pirámide de pruebas","Realizar un ejemplo guiado de ejercicio guiado de principios de testing y pirámide de pruebas.","Resolver una práctica corta y responder preguntas de comprobación.","Aplicación desplegada","pytest, unittest, Git, GitHub, Docker, nube","1,5","1,","Alta","Pendiente"
"UNE12D04","308","Diplomado UneWeb","Programación Full Stack con Python e IA","Nivel 12 — Testing, buenas prácticas y despliegue","Junio 2027 · Día 4","4","Clase diaria 4: Fundamentos de pruebas unitarias con unittest","Comprender y aplicar fundamentos de pruebas unitarias con unittest dentro del objetivo del Nivel 12.","Fundamentos de pruebas unitarias con unittest","Realizar un ejemplo guiado de fundamentos de pruebas unitarias con unittest.","Resolver una práctica corta y responder preguntas de comprobación.","Aplicación desplegada","pytest, unittest, Git, GitHub, Docker, nube","1,5","1,","Alta","Pendiente"
"UNE12D05","309","Diplomado UneWeb","Programación Full Stack con Python e IA","Nivel 12 — Testing, buenas prácticas y despliegue","Junio 2027 · Día 5","5","Clase diaria 5: Ejercicio guiado de pruebas unitarias con unittest","Comprender y aplicar ejercicio guiado de pruebas unitarias con unittest dentro del objetivo del Nivel 12.","Ejercicio guiado de pruebas unitarias con unittest","Realizar un ejemplo guiado de ejercicio guiado de pruebas unitarias con unittest.","Resolver una práctica corta y responder preguntas de comprobación.","Aplicación desplegada","pytest, unittest, Git, GitHub, Docker, nube","1,5","1,","Alta","Pendiente"
"UNE12D06","310","Diplomado UneWeb","Programación Full Stack con Python e IA","Nivel 12 — Testing, buenas prácticas y despliegue","Junio 2027 · Día 6","6","Clase diaria 6: Fundamentos de pruebas unitarias con pytest","Comprender y aplicar fundamentos de pruebas unitarias con pytest dentro del objetivo del Nivel 12.","Fundamentos de pruebas unitarias con pytest","Realizar un ejemplo guiado de fundamentos de pruebas unitarias con pytest.","Resolver una práctica corta y responder preguntas de comprobación.","Aplicación desplegada","pytest, unittest, Git, GitHub, Docker, nube","1,5","1,","Alta","Pendiente"
"UNE12D07","311","Diplomado UneWeb","Programación Full Stack con Python e IA","Nivel 12 — Testing, buenas prácticas y despliegue","Junio 2027 · Día 7","7","Clase diaria 7: Ejercicio guiado de pruebas unitarias con pytest","Comprender y aplicar ejercicio guiado de pruebas unitarias con pytest dentro del objetivo del Nivel 12.","Ejercicio guiado de pruebas unitarias con pytest","Realizar un ejemplo guiado de ejercicio guiado de pruebas unitarias con pytest.","Resolver una práctica corta y responder preguntas de comprobación.","Aplicación desplegada","pytest, unittest, Git, GitHub, Docker, nube","1,5","1,","Alta","Pendiente"
"UNE12D08","312","Diplomado UneWeb","Programación Full Stack con Python e IA","Nivel 12 — Testing, buenas prácticas y despliegue","Junio 2027 · Día 8","8","Clase diaria 8: Práctica P1: suite de pruebas unitarias con pytest para un proyecto propio","Completar la práctica p1: suite de pruebas unitarias con pytest para un proyecto propio y demostrar los conocimientos acumulados.","Práctica P1: suite de pruebas unitarias con pytest para un proyecto propio","Desarrollar paso a paso la práctica p1: suite de pruebas unitarias con pytest para un proyecto propio.","Entregar la evidencia funcional de la práctica p1: suite de pruebas unitarias con pytest para un proyecto propio.","Aplicación desplegada","pytest, unittest, Git, GitHub, Docker, nube","1,5","1,","Alta","Pendiente"
"UNE12D09","313","Diplomado UneWeb","Programación Full Stack con Python e IA","Nivel 12 — Testing, buenas prácticas y despliegue","Junio 2027 · Día 9","9","Clase diaria 9: Fundamentos de fixtures, parametrización y mocks","Comprender y aplicar fundamentos de fixtures, parametrización y mocks dentro del objetivo del Nivel 12.","Fundamentos de fixtures, parametrización y mocks","Realizar un ejemplo guiado de fundamentos de fixtures, parametrización y mocks.","Resolver una práctica corta y responder preguntas de comprobación.","Aplicación desplegada","pytest, unittest, Git, GitHub, Docker, nube","1,5","1,","Alta","Pendiente"
"UNE12D10","314","Diplomado UneWeb","Programación Full Stack con Python e IA","Nivel 12 — Testing, buenas prácticas y despliegue","Junio 2027 · Día 10","10","Clase diaria 10: Ejercicio guiado de fixtures, parametrización y mocks","Comprender y aplicar ejercicio guiado de fixtures, parametrización y mocks dentro del objetivo del Nivel 12.","Ejercicio guiado de fixtures, parametrización y mocks","Realizar un ejemplo guiado de ejercicio guiado de fixtures, parametrización y mocks.","Resolver una práctica corta y responder preguntas de comprobación.","Aplicación desplegada","pytest, unittest, Git, GitHub, Docker, nube","1,5","1,","Alta","Pendiente"
"UNE12D11","315","Diplomado UneWeb","Programación Full Stack con Python e IA","Nivel 12 — Testing, buenas prácticas y despliegue","Junio 2027 · Día 11","11","Clase diaria 11: Fundamentos de linters y análisis estático","Comprender y aplicar fundamentos de linters y análisis estático dentro del objetivo del Nivel 12.","Fundamentos de linters y análisis estático","Realizar un ejemplo guiado de fundamentos de linters y análisis estático.","Resolver una práctica corta y responder preguntas de comprobación.","Aplicación desplegada","pytest, unittest, Git, GitHub, Docker, nube","1,5","1,","Alta","Pendiente"
"UNE12D12","316","Diplomado UneWeb","Programación Full Stack con Python e IA","Nivel 12 — Testing, buenas prácticas y despliegue","Junio 2027 · Día 12","12","Clase diaria 12: Ejercicio guiado de linters y análisis estático","Comprender y aplicar ejercicio guiado de linters y análisis estático dentro del objetivo del Nivel 12.","Ejercicio guiado de linters y análisis estático","Realizar un ejemplo guiado de ejercicio guiado de linters y análisis estático.","Resolver una práctica corta y responder preguntas de comprobación.","Aplicación desplegada","pytest, unittest, Git, GitHub, Docker, nube","1,5","1,","Alta","Pendiente"
"UNE12D13","317","Diplomado UneWeb","Programación Full Stack con Python e IA","Nivel 12 — Testing, buenas prácticas y despliegue","Junio 2027 · Día 13","13","Clase diaria 13: Fundamentos de formateo automático de código","Comprender y aplicar fundamentos de formateo automático de código dentro del objetivo del Nivel 12.","Fundamentos de formateo automático de código","Realizar un ejemplo guiado de fundamentos de formateo automático de código.","Resolver una práctica corta y responder preguntas de comprobación.","Aplicación desplegada","pytest, unittest, Git, GitHub, Docker, nube","1,5","1,","Alta","Pendiente"
"UNE12D14","318","Diplomado UneWeb","Programación Full Stack con Python e IA","Nivel 12 — Testing, buenas prácticas y despliegue","Junio 2027 · Día 14","14","Clase diaria 14: Ejercicio guiado de formateo automático de código","Comprender y aplicar ejercicio guiado de formateo automático de código dentro del objetivo del Nivel 12.","Ejercicio guiado de formateo automático de código","Realizar un ejemplo guiado de ejercicio guiado de formateo automático de código.","Resolver una práctica corta y responder preguntas de comprobación.","Aplicación desplegada","pytest, unittest, Git, GitHub, Docker, nube","1,5","1,","Alta","Pendiente"
"UNE12D15","319","Diplomado UneWeb","Programación Full Stack con Python e IA","Nivel 12 — Testing, buenas prácticas y despliegue","Junio 2027 · Día 15","15","Clase diaria 15: Práctica P2: configuración de un entorno virtual y requirements.txt","Completar la práctica p2: configuración de un entorno virtual y requirements.txt y demostrar los conocimientos acumulados.","Práctica P2: configuración de un entorno virtual y requirements.txt","Desarrollar paso a paso la práctica p2: configuración de un entorno virtual y requirements.txt.","Entregar la evidencia funcional de la práctica p2: configuración de un entorno virtual y requirements.txt.","Aplicación desplegada","pytest, unittest, Git, GitHub, Docker, nube","1,5","1,","Alta","Pendiente"
"UNE12D16","320","Diplomado UneWeb","Programación Full Stack con Python e IA","Nivel 12 — Testing, buenas prácticas y despliegue","Junio 2027 · Día 16","16","Clase diaria 16: Fundamentos de cobertura de código","Comprender y aplicar fundamentos de cobertura de código dentro del objetivo del Nivel 12.","Fundamentos de cobertura de código","Realizar un ejemplo guiado de fundamentos de cobertura de código.","Resolver una práctica corta y responder preguntas de comprobación.","Aplicación desplegada","pytest, unittest, Git, GitHub, Docker, nube","1,5","1,","Alta","Pendiente"
"UNE12D17","321","Diplomado UneWeb","Programación Full Stack con Python e IA","Nivel 12 — Testing, buenas prácticas y despliegue","Junio 2027 · Día 17","17","Clase diaria 17: Ejercicio guiado de cobertura de código","Comprender y aplicar ejercicio guiado de cobertura de código dentro del objetivo del Nivel 12.","Ejercicio guiado de cobertura de código","Realizar un ejemplo guiado de ejercicio guiado de cobertura de código.","Resolver una práctica corta y responder preguntas de comprobación.","Aplicación desplegada","pytest, unittest, Git, GitHub, Docker, nube","1,5","1,","Alta","Pendiente"
"UNE12D18","322","Diplomado UneWeb","Programación Full Stack con Python e IA","Nivel 12 — Testing, buenas prácticas y despliegue","Junio 2027 · Día 18","18","Clase diaria 18: Fundamentos de entornos virtuales","Comprender y aplicar fundamentos de entornos virtuales dentro del objetivo del Nivel 12.","Fundamentos de entornos virtuales","Realizar un ejemplo guiado de fundamentos de entornos virtuales.","Resolver una práctica corta y responder preguntas de comprobación.","Aplicación desplegada","pytest, unittest, Git, GitHub, Docker, nube","1,5","1,","Alta","Pendiente"
"UNE12D19","323","Diplomado UneWeb","Programación Full Stack con Python e IA","Nivel 12 — Testing, buenas prácticas y despliegue","Junio 2027 · Día 19","19","Clase diaria 19: Ejercicio guiado de entornos virtuales","Comprender y aplicar ejercicio guiado de entornos virtuales dentro del objetivo del Nivel 12.","Ejercicio guiado de entornos virtuales","Realizar un ejemplo guiado de ejercicio guiado de entornos virtuales.","Resolver una práctica corta y responder preguntas de comprobación.","Aplicación desplegada","pytest, unittest, Git, GitHub, Docker, nube","1,5","1,","Alta","Pendiente"
"UNE12D20","324","Diplomado UneWeb","Programación Full Stack con Python e IA","Nivel 12 — Testing, buenas prácticas y despliegue","Junio 2027 · Día 20","20","Clase diaria 20: Fundamentos de requirements.txt y gestión de dependencias","Comprender y aplicar fundamentos de requirements.txt y gestión de dependencias dentro del objetivo del Nivel 12.","Fundamentos de requirements.txt y gestión de dependencias","Realizar un ejemplo guiado de fundamentos de requirements.txt y gestión de dependencias.","Resolver una práctica corta y responder preguntas de comprobación.","Aplicación desplegada","pytest, unittest, Git, GitHub, Docker, nube","1,5","1,","Alta","Pendiente"
"UNE12D21","325","Diplomado UneWeb","Programación Full Stack con Python e IA","Nivel 12 — Testing, buenas prácticas y despliegue","Junio 2027 · Día 21","21","Clase diaria 21: Fundamentos de Git: commits, ramas y merges","Comprender y aplicar fundamentos de git: commits, ramas y merges dentro del objetivo del Nivel 12.","Fundamentos de Git: commits, ramas y merges","Realizar un ejemplo guiado de fundamentos de git: commits, ramas y merges.","Resolver una práctica corta y responder preguntas de comprobación.","Aplicación desplegada","pytest, unittest, Git, GitHub, Docker, nube","1,5","1,","Alta","Pendiente"
"UNE12D22","326","Diplomado UneWeb","Programación Full Stack con Python e IA","Nivel 12 — Testing, buenas prácticas y despliegue","Junio 2027 · Día 22","22","Clase diaria 22: Práctica P3: repositorio Git con flujo de ramas y pull requests","Completar la práctica p3: repositorio git con flujo de ramas y pull requests y demostrar los conocimientos acumulados.","Práctica P3: repositorio Git con flujo de ramas y pull requests","Desarrollar paso a paso la práctica p3: repositorio git con flujo de ramas y pull requests.","Entregar la evidencia funcional de la práctica p3: repositorio git con flujo de ramas y pull requests.","Aplicación desplegada","pytest, unittest, Git, GitHub, Docker, nube","1,5","1,","Alta","Pendiente"
"UNE12D23","327","Diplomado UneWeb","Programación Full Stack con Python e IA","Nivel 12 — Testing, buenas prácticas y despliegue","Junio 2027 · Día 23","23","Clase diaria 23: Fundamentos de GitHub: repositorios, pull requests y revisión","Comprender y aplicar fundamentos de github: repositorios, pull requests y revisión dentro del objetivo del Nivel 12.","Fundamentos de GitHub: repositorios, pull requests y revisión","Realizar un ejemplo guiado de fundamentos de github: repositorios, pull requests y revisión.","Resolver una práctica corta y responder preguntas de comprobación.","Aplicación desplegada","pytest, unittest, Git, GitHub, Docker, nube","1,5","1,","Alta","Pendiente"
"UNE12D24","328","Diplomado UneWeb","Programación Full Stack con Python e IA","Nivel 12 — Testing, buenas prácticas y despliegue","Junio 2027 · Día 24","24","Clase diaria 24: Fundamentos de integración continua con GitHub Actions","Comprender y aplicar fundamentos de integración continua con github actions dentro del objetivo del Nivel 12.","Fundamentos de integración continua con GitHub Actions","Realizar un ejemplo guiado de fundamentos de integración continua con github actions.","Resolver una práctica corta y responder preguntas de comprobación.","Aplicación desplegada","pytest, unittest, Git, GitHub, Docker, nube","1,5","1,","Alta","Pendiente"
"UNE12D25","329","Diplomado UneWeb","Programación Full Stack con Python e IA","Nivel 12 — Testing, buenas prácticas y despliegue","Junio 2027 · Día 25","25","Clase diaria 25: Fundamentos de fundamentos de Docker","Comprender y aplicar fundamentos de fundamentos de docker dentro del objetivo del Nivel 12.","Fundamentos de fundamentos de Docker","Realizar un ejemplo guiado de fundamentos de fundamentos de docker.","Resolver una práctica corta y responder preguntas de comprobación.","Aplicación desplegada","pytest, unittest, Git, GitHub, Docker, nube","1,5","1,","Alta","Pendiente"
"UNE12D26","330","Diplomado UneWeb","Programación Full Stack con Python e IA","Nivel 12 — Testing, buenas prácticas y despliegue","Junio 2027 · Día 26","26","Clase diaria 26: Práctica P4: contenerización de una aplicación Python con Docker","Completar la práctica p4: contenerización de una aplicación python con docker y demostrar los conocimientos acumulados.","Práctica P4: contenerización de una aplicación Python con Docker","Desarrollar paso a paso la práctica p4: contenerización de una aplicación python con docker.","Entregar la evidencia funcional de la práctica p4: contenerización de una aplicación python con docker.","Aplicación desplegada","pytest, unittest, Git, GitHub, Docker, nube","1,5","1,","Alta","Pendiente"
"UNE12D27","331","Diplomado UneWeb","Programación Full Stack con Python e IA","Nivel 12 — Testing, buenas prácticas y despliegue","Junio 2027 · Día 27","27","Clase diaria 27: Fundamentos de Dockerfile e imagen de una aplicación Python","Comprender y aplicar fundamentos de dockerfile e imagen de una aplicación python dentro del objetivo del Nivel 12.","Fundamentos de Dockerfile e imagen de una aplicación Python","Realizar un ejemplo guiado de fundamentos de dockerfile e imagen de una aplicación python.","Resolver una práctica corta y responder preguntas de comprobación.","Aplicación desplegada","pytest, unittest, Git, GitHub, Docker, nube","1,5","1,","Alta","Pendiente"
"UNE12D28","332","Diplomado UneWeb","Programación Full Stack con Python e IA","Nivel 12 — Testing, buenas prácticas y despliegue","Junio 2027 · Día 28","28","Clase diaria 28: Fundamentos de contenedores, variables de entorno y puertos","Comprender y aplicar fundamentos de contenedores, variables de entorno y puertos dentro del objetivo del Nivel 12.","Fundamentos de contenedores, variables de entorno y puertos","Realizar un ejemplo guiado de fundamentos de contenedores, variables de entorno y puertos.","Resolver una práctica corta y responder preguntas de comprobación.","Aplicación desplegada","pytest, unittest, Git, GitHub, Docker, nube","1,5","1,","Alta","Pendiente"
"UNE12D29","333","Diplomado UneWeb","Programación Full Stack con Python e IA","Nivel 12 — Testing, buenas prácticas y despliegue","Junio 2027 · Día 29","29","Clase diaria 29: Fundamentos de despliegue de Flask o Django en la nube","Comprender y aplicar fundamentos de despliegue de flask o django en la nube dentro del objetivo del Nivel 12.","Fundamentos de despliegue de Flask o Django en la nube","Realizar un ejemplo guiado de fundamentos de despliegue de flask o django en la nube.","Resolver una práctica corta y responder preguntas de comprobación.","Aplicación desplegada","pytest, unittest, Git, GitHub, Docker, nube","1,5","1,","Alta","Pendiente"
"UNE12D30","334","Diplomado UneWeb","Programación Full Stack con Python e IA","Nivel 12 — Testing, buenas prácticas y despliegue","Junio 2027 · Día 30","30","Clase diaria 30: Práctica P5: proyecto de despliegue de una aplicación Flask o Django en la nube","Completar la práctica p5: proyecto de despliegue de una aplicación flask o django en la nube y demostrar los conocimientos acumulados.","Práctica P5: proyecto de despliegue de una aplicación Flask o Django en la nube","Desarrollar paso a paso la práctica p5: proyecto de despliegue de una aplicación flask o django en la nube.","Entregar la evidencia funcional de la práctica p5: proyecto de despliegue de una aplicación flask o django en la nube.","Aplicación desplegada","pytest, unittest, Git, GitHub, Docker, nube","1,5","1,","Alta","Pendiente"
"UNE13D01","335","Diplomado UneWeb","Programación Full Stack con Python e IA","Nivel 13 — IA para Programadores","Julio 2027 · Día 1","1","Clase diaria 1: Introducción al Nivel 13: objetivos, herramientas y proyecto del mes","Comprender y aplicar introducción al nivel 13: objetivos, herramientas y proyecto del mes dentro del objetivo del Nivel 13.","Introducción al Nivel 13: objetivos, herramientas y proyecto del mes","Realizar un ejemplo guiado de introducción al nivel 13: objetivos, herramientas y proyecto del mes.","Resolver una práctica corta y responder preguntas de comprobación.","Aplicación con IA","Python, APIs de IA, GitHub Copilot, GitHub Actions","1,5","1,","Alta","Pendiente"
"UNE13D02","336","Diplomado UneWeb","Programación Full Stack con Python e IA","Nivel 13 — IA para Programadores","Julio 2027 · Día 2","2","Clase diaria 2: Fundamentos de qué es la inteligencia artificial y sus límites","Comprender y aplicar fundamentos de qué es la inteligencia artificial y sus límites dentro del objetivo del Nivel 13.","Fundamentos de qué es la inteligencia artificial y sus límites","Realizar un ejemplo guiado de fundamentos de qué es la inteligencia artificial y sus límites.","Resolver una práctica corta y responder preguntas de comprobación.","Aplicación con IA","Python, APIs de IA, GitHub Copilot, GitHub Actions","1,5","1,","Alta","Pendiente"
"UNE13D03","337","Diplomado UneWeb","Programación Full Stack con Python e IA","Nivel 13 — IA para Programadores","Julio 2027 · Día 3","3","Clase diaria 3: Ejercicio guiado de qué es la inteligencia artificial y sus límites","Comprender y aplicar ejercicio guiado de qué es la inteligencia artificial y sus límites dentro del objetivo del Nivel 13.","Ejercicio guiado de qué es la inteligencia artificial y sus límites","Realizar un ejemplo guiado de ejercicio guiado de qué es la inteligencia artificial y sus límites.","Resolver una práctica corta y responder preguntas de comprobación.","Aplicación con IA","Python, APIs de IA, GitHub Copilot, GitHub Actions","1,5","1,","Alta","Pendiente"
"UNE13D04","338","Diplomado UneWeb","Programación Full Stack con Python e IA","Nivel 13 — IA para Programadores","Julio 2027 · Día 4","4","Clase diaria 4: Aplicación práctica de qué es la inteligencia artificial y sus límites","Comprender y aplicar aplicación práctica de qué es la inteligencia artificial y sus límites dentro del objetivo del Nivel 13.","Aplicación práctica de qué es la inteligencia artificial y sus límites","Realizar un ejemplo guiado de aplicación práctica de qué es la inteligencia artificial y sus límites.","Resolver una práctica corta y responder preguntas de comprobación.","Aplicación con IA","Python, APIs de IA, GitHub Copilot, GitHub Actions","1,5","1,","Alta","Pendiente"
"UNE13D05","339","Diplomado UneWeb","Programación Full Stack con Python e IA","Nivel 13 — IA para Programadores","Julio 2027 · Día 5","5","Clase diaria 5: Fundamentos de procesamiento de lenguaje natural NLP","Comprender y aplicar fundamentos de procesamiento de lenguaje natural nlp dentro del objetivo del Nivel 13.","Fundamentos de procesamiento de lenguaje natural NLP","Realizar un ejemplo guiado de fundamentos de procesamiento de lenguaje natural nlp.","Resolver una práctica corta y responder preguntas de comprobación.","Aplicación con IA","Python, APIs de IA, GitHub Copilot, GitHub Actions","1,5","1,","Alta","Pendiente"
"UNE13D06","340","Diplomado UneWeb","Programación Full Stack con Python e IA","Nivel 13 — IA para Programadores","Julio 2027 · Día 6","6","Clase diaria 6: Ejercicio guiado de procesamiento de lenguaje natural NLP","Comprender y aplicar ejercicio guiado de procesamiento de lenguaje natural nlp dentro del objetivo del Nivel 13.","Ejercicio guiado de procesamiento de lenguaje natural NLP","Realizar un ejemplo guiado de ejercicio guiado de procesamiento de lenguaje natural nlp.","Resolver una práctica corta y responder preguntas de comprobación.","Aplicación con IA","Python, APIs de IA, GitHub Copilot, GitHub Actions","1,5","1,","Alta","Pendiente"
"UNE13D07","341","Diplomado UneWeb","Programación Full Stack con Python e IA","Nivel 13 — IA para Programadores","Julio 2027 · Día 7","7","Clase diaria 7: Aplicación práctica de procesamiento de lenguaje natural NLP","Comprender y aplicar aplicación práctica de procesamiento de lenguaje natural nlp dentro del objetivo del Nivel 13.","Aplicación práctica de procesamiento de lenguaje natural NLP","Realizar un ejemplo guiado de aplicación práctica de procesamiento de lenguaje natural nlp.","Resolver una práctica corta y responder preguntas de comprobación.","Aplicación con IA","Python, APIs de IA, GitHub Copilot, GitHub Actions","1,5","1,","Alta","Pendiente"
"UNE13D08","342","Diplomado UneWeb","Programación Full Stack con Python e IA","Nivel 13 — IA para Programadores","Julio 2027 · Día 8","8","Clase diaria 8: Práctica P1: chatbot básico integrado con una API de IA","Completar la práctica p1: chatbot básico integrado con una api de ia y demostrar los conocimientos acumulados.","Práctica P1: chatbot básico integrado con una API de IA","Desarrollar paso a paso la práctica p1: chatbot básico integrado con una api de ia.","Entregar la evidencia funcional de la práctica p1: chatbot básico integrado con una api de ia.","Aplicación con IA","Python, APIs de IA, GitHub Copilot, GitHub Actions","1,5","1,","Alta","Pendiente"
"UNE13D09","343","Diplomado UneWeb","Programación Full Stack con Python e IA","Nivel 13 — IA para Programadores","Julio 2027 · Día 9","9","Clase diaria 9: Fundamentos de visión por computadora","Comprender y aplicar fundamentos de visión por computadora dentro del objetivo del Nivel 13.","Fundamentos de visión por computadora","Realizar un ejemplo guiado de fundamentos de visión por computadora.","Resolver una práctica corta y responder preguntas de comprobación.","Aplicación con IA","Python, APIs de IA, GitHub Copilot, GitHub Actions","1,5","1,","Alta","Pendiente"
"UNE13D10","344","Diplomado UneWeb","Programación Full Stack con Python e IA","Nivel 13 — IA para Programadores","Julio 2027 · Día 10","10","Clase diaria 10: Ejercicio guiado de visión por computadora","Comprender y aplicar ejercicio guiado de visión por computadora dentro del objetivo del Nivel 13.","Ejercicio guiado de visión por computadora","Realizar un ejemplo guiado de ejercicio guiado de visión por computadora.","Resolver una práctica corta y responder preguntas de comprobación.","Aplicación con IA","Python, APIs de IA, GitHub Copilot, GitHub Actions","1,5","1,","Alta","Pendiente"
"UNE13D11","345","Diplomado UneWeb","Programación Full Stack con Python e IA","Nivel 13 — IA para Programadores","Julio 2027 · Día 11","11","Clase diaria 11: Fundamentos de modelos generativos","Comprender y aplicar fundamentos de modelos generativos dentro del objetivo del Nivel 13.","Fundamentos de modelos generativos","Realizar un ejemplo guiado de fundamentos de modelos generativos.","Resolver una práctica corta y responder preguntas de comprobación.","Aplicación con IA","Python, APIs de IA, GitHub Copilot, GitHub Actions","1,5","1,","Alta","Pendiente"
"UNE13D12","346","Diplomado UneWeb","Programación Full Stack con Python e IA","Nivel 13 — IA para Programadores","Julio 2027 · Día 12","12","Clase diaria 12: Ejercicio guiado de modelos generativos","Comprender y aplicar ejercicio guiado de modelos generativos dentro del objetivo del Nivel 13.","Ejercicio guiado de modelos generativos","Realizar un ejemplo guiado de ejercicio guiado de modelos generativos.","Resolver una práctica corta y responder preguntas de comprobación.","Aplicación con IA","Python, APIs de IA, GitHub Copilot, GitHub Actions","1,5","1,","Alta","Pendiente"
"UNE13D13","347","Diplomado UneWeb","Programación Full Stack con Python e IA","Nivel 13 — IA para Programadores","Julio 2027 · Día 13","13","Clase diaria 13: Práctica P2: uso de GitHub Copilot en un proyecto real","Completar la práctica p2: uso de github copilot en un proyecto real y demostrar los conocimientos acumulados.","Práctica P2: uso de GitHub Copilot en un proyecto real","Desarrollar paso a paso la práctica p2: uso de github copilot en un proyecto real.","Entregar la evidencia funcional de la práctica p2: uso de github copilot en un proyecto real.","Aplicación con IA","Python, APIs de IA, GitHub Copilot, GitHub Actions","1,5","1,","Alta","Pendiente"
"UNE13D14","348","Diplomado UneWeb","Programación Full Stack con Python e IA","Nivel 13 — IA para Programadores","Julio 2027 · Día 14","14","Clase diaria 14: Fundamentos de consumo seguro de APIs de IA","Comprender y aplicar fundamentos de consumo seguro de apis de ia dentro del objetivo del Nivel 13.","Fundamentos de consumo seguro de APIs de IA","Realizar un ejemplo guiado de fundamentos de consumo seguro de apis de ia.","Resolver una práctica corta y responder preguntas de comprobación.","Aplicación con IA","Python, APIs de IA, GitHub Copilot, GitHub Actions","1,5","1,","Alta","Pendiente"
"UNE13D15","349","Diplomado UneWeb","Programación Full Stack con Python e IA","Nivel 13 — IA para Programadores","Julio 2027 · Día 15","15","Clase diaria 15: Ejercicio guiado de consumo seguro de APIs de IA","Comprender y aplicar ejercicio guiado de consumo seguro de apis de ia dentro del objetivo del Nivel 13.","Ejercicio guiado de consumo seguro de APIs de IA","Realizar un ejemplo guiado de ejercicio guiado de consumo seguro de apis de ia.","Resolver una práctica corta y responder preguntas de comprobación.","Aplicación con IA","Python, APIs de IA, GitHub Copilot, GitHub Actions","1,5","1,","Alta","Pendiente"
"UNE13D16","350","Diplomado UneWeb","Programación Full Stack con Python e IA","Nivel 13 — IA para Programadores","Julio 2027 · Día 16","16","Clase diaria 16: Fundamentos de diseño de prompts y manejo de respuestas","Comprender y aplicar fundamentos de diseño de prompts y manejo de respuestas dentro del objetivo del Nivel 13.","Fundamentos de diseño de prompts y manejo de respuestas","Realizar un ejemplo guiado de fundamentos de diseño de prompts y manejo de respuestas.","Resolver una práctica corta y responder preguntas de comprobación.","Aplicación con IA","Python, APIs de IA, GitHub Copilot, GitHub Actions","1,5","1,","Alta","Pendiente"
"UNE13D17","351","Diplomado UneWeb","Programación Full Stack con Python e IA","Nivel 13 — IA para Programadores","Julio 2027 · Día 17","17","Clase diaria 17: Ejercicio guiado de diseño de prompts y manejo de respuestas","Comprender y aplicar ejercicio guiado de diseño de prompts y manejo de respuestas dentro del objetivo del Nivel 13.","Ejercicio guiado de diseño de prompts y manejo de respuestas","Realizar un ejemplo guiado de ejercicio guiado de diseño de prompts y manejo de respuestas.","Resolver una práctica corta y responder preguntas de comprobación.","Aplicación con IA","Python, APIs de IA, GitHub Copilot, GitHub Actions","1,5","1,","Alta","Pendiente"
"UNE13D18","352","Diplomado UneWeb","Programación Full Stack con Python e IA","Nivel 13 — IA para Programadores","Julio 2027 · Día 18","18","Clase diaria 18: Fundamentos de chatbots inteligentes con APIs de IA","Comprender y aplicar fundamentos de chatbots inteligentes con apis de ia dentro del objetivo del Nivel 13.","Fundamentos de chatbots inteligentes con APIs de IA","Realizar un ejemplo guiado de fundamentos de chatbots inteligentes con apis de ia.","Resolver una práctica corta y responder preguntas de comprobación.","Aplicación con IA","Python, APIs de IA, GitHub Copilot, GitHub Actions","1,5","1,","Alta","Pendiente"
"UNE13D19","353","Diplomado UneWeb","Programación Full Stack con Python e IA","Nivel 13 — IA para Programadores","Julio 2027 · Día 19","19","Clase diaria 19: Ejercicio guiado de chatbots inteligentes con APIs de IA","Comprender y aplicar ejercicio guiado de chatbots inteligentes con apis de ia dentro del objetivo del Nivel 13.","Ejercicio guiado de chatbots inteligentes con APIs de IA","Realizar un ejemplo guiado de ejercicio guiado de chatbots inteligentes con apis de ia.","Resolver una práctica corta y responder preguntas de comprobación.","Aplicación con IA","Python, APIs de IA, GitHub Copilot, GitHub Actions","1,5","1,","Alta","Pendiente"
"UNE13D20","354","Diplomado UneWeb","Programación Full Stack con Python e IA","Nivel 13 — IA para Programadores","Julio 2027 · Día 20","20","Clase diaria 20: Práctica P3: automatización de pruebas asistida por IA","Completar la práctica p3: automatización de pruebas asistida por ia y demostrar los conocimientos acumulados.","Práctica P3: automatización de pruebas asistida por IA","Desarrollar paso a paso la práctica p3: automatización de pruebas asistida por ia.","Entregar la evidencia funcional de la práctica p3: automatización de pruebas asistida por ia.","Aplicación con IA","Python, APIs de IA, GitHub Copilot, GitHub Actions","1,5","1,","Alta","Pendiente"
"UNE13D21","355","Diplomado UneWeb","Programación Full Stack con Python e IA","Nivel 13 — IA para Programadores","Julio 2027 · Día 21","21","Clase diaria 21: Fundamentos de GitHub Copilot en el desarrollo real","Comprender y aplicar fundamentos de github copilot en el desarrollo real dentro del objetivo del Nivel 13.","Fundamentos de GitHub Copilot en el desarrollo real","Realizar un ejemplo guiado de fundamentos de github copilot en el desarrollo real.","Resolver una práctica corta y responder preguntas de comprobación.","Aplicación con IA","Python, APIs de IA, GitHub Copilot, GitHub Actions","1,5","1,","Alta","Pendiente"
"UNE13D22","356","Diplomado UneWeb","Programación Full Stack con Python e IA","Nivel 13 — IA para Programadores","Julio 2027 · Día 22","22","Clase diaria 22: Ejercicio guiado de GitHub Copilot en el desarrollo real","Comprender y aplicar ejercicio guiado de github copilot en el desarrollo real dentro del objetivo del Nivel 13.","Ejercicio guiado de GitHub Copilot en el desarrollo real","Realizar un ejemplo guiado de ejercicio guiado de github copilot en el desarrollo real.","Resolver una práctica corta y responder preguntas de comprobación.","Aplicación con IA","Python, APIs de IA, GitHub Copilot, GitHub Actions","1,5","1,","Alta","Pendiente"
"UNE13D23","357","Diplomado UneWeb","Programación Full Stack con Python e IA","Nivel 13 — IA para Programadores","Julio 2027 · Día 23","23","Clase diaria 23: Fundamentos de automatización de pruebas asistida por IA","Comprender y aplicar fundamentos de automatización de pruebas asistida por ia dentro del objetivo del Nivel 13.","Fundamentos de automatización de pruebas asistida por IA","Realizar un ejemplo guiado de fundamentos de automatización de pruebas asistida por ia.","Resolver una práctica corta y responder preguntas de comprobación.","Aplicación con IA","Python, APIs de IA, GitHub Copilot, GitHub Actions","1,5","1,","Alta","Pendiente"
"UNE13D24","358","Diplomado UneWeb","Programación Full Stack con Python e IA","Nivel 13 — IA para Programadores","Julio 2027 · Día 24","24","Clase diaria 24: Ejercicio guiado de automatización de pruebas asistida por IA","Comprender y aplicar ejercicio guiado de automatización de pruebas asistida por ia dentro del objetivo del Nivel 13.","Ejercicio guiado de automatización de pruebas asistida por IA","Realizar un ejemplo guiado de ejercicio guiado de automatización de pruebas asistida por ia.","Resolver una práctica corta y responder preguntas de comprobación.","Aplicación con IA","Python, APIs de IA, GitHub Copilot, GitHub Actions","1,5","1,","Alta","Pendiente"
"UNE13D25","359","Diplomado UneWeb","Programación Full Stack con Python e IA","Nivel 13 — IA para Programadores","Julio 2027 · Día 25","25","Clase diaria 25: Práctica P4: workflow de CI/CD con GitHub Actions para una app con IA","Completar la práctica p4: workflow de ci/cd con github actions para una app con ia y demostrar los conocimientos acumulados.","Práctica P4: workflow de CI/CD con GitHub Actions para una app con IA","Desarrollar paso a paso la práctica p4: workflow de ci/cd con github actions para una app con ia.","Entregar la evidencia funcional de la práctica p4: workflow de ci/cd con github actions para una app con ia.","Aplicación con IA","Python, APIs de IA, GitHub Copilot, GitHub Actions","1,5","1,","Alta","Pendiente"
"UNE13D26","360","Diplomado UneWeb","Programación Full Stack con Python e IA","Nivel 13 — IA para Programadores","Julio 2027 · Día 26","26","Clase diaria 26: Fundamentos de workflow con GitHub Actions para una app con IA","Comprender y aplicar fundamentos de workflow con github actions para una app con ia dentro del objetivo del Nivel 13.","Fundamentos de workflow con GitHub Actions para una app con IA","Realizar un ejemplo guiado de fundamentos de workflow con github actions para una app con ia.","Resolver una práctica corta y responder preguntas de comprobación.","Aplicación con IA","Python, APIs de IA, GitHub Copilot, GitHub Actions","1,5","1,","Alta","Pendiente"
"UNE13D27","361","Diplomado UneWeb","Programación Full Stack con Python e IA","Nivel 13 — IA para Programadores","Julio 2027 · Día 27","27","Clase diaria 27: Ejercicio guiado de workflow con GitHub Actions para una app con IA","Comprender y aplicar ejercicio guiado de workflow con github actions para una app con ia dentro del objetivo del Nivel 13.","Ejercicio guiado de workflow con GitHub Actions para una app con IA","Realizar un ejemplo guiado de ejercicio guiado de workflow con github actions para una app con ia.","Resolver una práctica corta y responder preguntas de comprobación.","Aplicación con IA","Python, APIs de IA, GitHub Copilot, GitHub Actions","1,5","1,","Alta","Pendiente"
"UNE13D28","362","Diplomado UneWeb","Programación Full Stack con Python e IA","Nivel 13 — IA para Programadores","Julio 2027 · Día 28","28","Clase diaria 28: Fundamentos de despliegue de aplicaciones con IA en la nube","Comprender y aplicar fundamentos de despliegue de aplicaciones con ia en la nube dentro del objetivo del Nivel 13.","Fundamentos de despliegue de aplicaciones con IA en la nube","Realizar un ejemplo guiado de fundamentos de despliegue de aplicaciones con ia en la nube.","Resolver una práctica corta y responder preguntas de comprobación.","Aplicación con IA","Python, APIs de IA, GitHub Copilot, GitHub Actions","1,5","1,","Alta","Pendiente"
"UNE13D29","363","Diplomado UneWeb","Programación Full Stack con Python e IA","Nivel 13 — IA para Programadores","Julio 2027 · Día 29","29","Clase diaria 29: Ejercicio guiado de despliegue de aplicaciones con IA en la nube","Comprender y aplicar ejercicio guiado de despliegue de aplicaciones con ia en la nube dentro del objetivo del Nivel 13.","Ejercicio guiado de despliegue de aplicaciones con IA en la nube","Realizar un ejemplo guiado de ejercicio guiado de despliegue de aplicaciones con ia en la nube.","Resolver una práctica corta y responder preguntas de comprobación.","Aplicación con IA","Python, APIs de IA, GitHub Copilot, GitHub Actions","1,5","1,","Alta","Pendiente"
"UNE13D30","364","Diplomado UneWeb","Programación Full Stack con Python e IA","Nivel 13 — IA para Programadores","Julio 2027 · Día 30","30","Clase diaria 30: Práctica P5: proyecto de app con IA integrada, de la idea al despliegue","Completar la práctica p5: proyecto de app con ia integrada, de la idea al despliegue y demostrar los conocimientos acumulados.","Práctica P5: proyecto de app con IA integrada, de la idea al despliegue","Desarrollar paso a paso la práctica p5: proyecto de app con ia integrada, de la idea al despliegue.","Entregar la evidencia funcional de la práctica p5: proyecto de app con ia integrada, de la idea al despliegue.","Aplicación con IA","Python, APIs de IA, GitHub Copilot, GitHub Actions","1,5","1,","Alta","Pendiente"
"UNE13D31","365","Diplomado UneWeb","Programación Full Stack con Python e IA","Nivel 13 — IA para Programadores","Julio 2027 · Día 31","31","Clase diaria 31: Evaluación integral, corrección de errores y cierre del Nivel 13","Comprender y aplicar evaluación integral, corrección de errores y cierre del nivel 13 dentro del objetivo del Nivel 13.","Evaluación integral, corrección de errores y cierre del Nivel 13","Realizar un ejemplo guiado de evaluación integral, corrección de errores y cierre del nivel 13.","Resolver una práctica corta y responder preguntas de comprobación.","Aplicación con IA","Python, APIs de IA, GitHub Copilot, GitHub Actions","1,5","1,","Alta","Pendiente"
"UNE14D01","366","Diplomado UneWeb","Programación Full Stack con Python e IA","Nivel 14 — Proyecto en Programación","Agosto 2027 · Día 1","1","Clase diaria 1: Introducción al Nivel 14: objetivos, herramientas y proyecto del mes","Comprender y aplicar introducción al nivel 14: objetivos, herramientas y proyecto del mes dentro del objetivo del Nivel 14.","Introducción al Nivel 14: objetivos, herramientas y proyecto del mes","Realizar un ejemplo guiado de introducción al nivel 14: objetivos, herramientas y proyecto del mes.","Resolver una práctica corta y responder preguntas de comprobación.","Proyecto final del diplomado","HTML5, CSS3, JavaScript, Python, Flask o Django, base de datos, IA","1,5","1,","Alta","Pendiente"
"UNE14D02","367","Diplomado UneWeb","Programación Full Stack con Python e IA","Nivel 14 — Proyecto en Programación","Agosto 2027 · Día 2","2","Clase diaria 2: Fundamentos de definición del problema y alcance del proyecto","Comprender y aplicar fundamentos de definición del problema y alcance del proyecto dentro del objetivo del Nivel 14.","Fundamentos de definición del problema y alcance del proyecto","Realizar un ejemplo guiado de fundamentos de definición del problema y alcance del proyecto.","Resolver una práctica corta y responder preguntas de comprobación.","Proyecto final del diplomado","HTML5, CSS3, JavaScript, Python, Flask o Django, base de datos, IA","1,5","1,","Alta","Pendiente"
"UNE14D03","368","Diplomado UneWeb","Programación Full Stack con Python e IA","Nivel 14 — Proyecto en Programación","Agosto 2027 · Día 3","3","Clase diaria 3: Ejercicio guiado de definición del problema y alcance del proyecto","Comprender y aplicar ejercicio guiado de definición del problema y alcance del proyecto dentro del objetivo del Nivel 14.","Ejercicio guiado de definición del problema y alcance del proyecto","Realizar un ejemplo guiado de ejercicio guiado de definición del problema y alcance del proyecto.","Resolver una práctica corta y responder preguntas de comprobación.","Proyecto final del diplomado","HTML5, CSS3, JavaScript, Python, Flask o Django, base de datos, IA","1,5","1,","Alta","Pendiente"
"UNE14D04","369","Diplomado UneWeb","Programación Full Stack con Python e IA","Nivel 14 — Proyecto en Programación","Agosto 2027 · Día 4","4","Clase diaria 4: Fundamentos de levantamiento y priorización de requerimientos","Comprender y aplicar fundamentos de levantamiento y priorización de requerimientos dentro del objetivo del Nivel 14.","Fundamentos de levantamiento y priorización de requerimientos","Realizar un ejemplo guiado de fundamentos de levantamiento y priorización de requerimientos.","Resolver una práctica corta y responder preguntas de comprobación.","Proyecto final del diplomado","HTML5, CSS3, JavaScript, Python, Flask o Django, base de datos, IA","1,5","1,","Alta","Pendiente"
"UNE14D05","370","Diplomado UneWeb","Programación Full Stack con Python e IA","Nivel 14 — Proyecto en Programación","Agosto 2027 · Día 5","5","Clase diaria 5: Ejercicio guiado de levantamiento y priorización de requerimientos","Comprender y aplicar ejercicio guiado de levantamiento y priorización de requerimientos dentro del objetivo del Nivel 14.","Ejercicio guiado de levantamiento y priorización de requerimientos","Realizar un ejemplo guiado de ejercicio guiado de levantamiento y priorización de requerimientos.","Resolver una práctica corta y responder preguntas de comprobación.","Proyecto final del diplomado","HTML5, CSS3, JavaScript, Python, Flask o Django, base de datos, IA","1,5","1,","Alta","Pendiente"
"UNE14D06","371","Diplomado UneWeb","Programación Full Stack con Python e IA","Nivel 14 — Proyecto en Programación","Agosto 2027 · Día 6","6","Clase diaria 6: Fundamentos de historias de usuario y criterios de aceptación","Comprender y aplicar fundamentos de historias de usuario y criterios de aceptación dentro del objetivo del Nivel 14.","Fundamentos de historias de usuario y criterios de aceptación","Realizar un ejemplo guiado de fundamentos de historias de usuario y criterios de aceptación.","Resolver una práctica corta y responder preguntas de comprobación.","Proyecto final del diplomado","HTML5, CSS3, JavaScript, Python, Flask o Django, base de datos, IA","1,5","1,","Alta","Pendiente"
"UNE14D07","372","Diplomado UneWeb","Programación Full Stack con Python e IA","Nivel 14 — Proyecto en Programación","Agosto 2027 · Día 7","7","Clase diaria 7: Ejercicio guiado de historias de usuario y criterios de aceptación","Comprender y aplicar ejercicio guiado de historias de usuario y criterios de aceptación dentro del objetivo del Nivel 14.","Ejercicio guiado de historias de usuario y criterios de aceptación","Realizar un ejemplo guiado de ejercicio guiado de historias de usuario y criterios de aceptación.","Resolver una práctica corta y responder preguntas de comprobación.","Proyecto final del diplomado","HTML5, CSS3, JavaScript, Python, Flask o Django, base de datos, IA","1,5","1,","Alta","Pendiente"
"UNE14D08","373","Diplomado UneWeb","Programación Full Stack con Python e IA","Nivel 14 — Proyecto en Programación","Agosto 2027 · Día 8","8","Clase diaria 8: Práctica P1: documento de requerimientos y diagrama de la base de datos","Completar la práctica p1: documento de requerimientos y diagrama de la base de datos y demostrar los conocimientos acumulados.","Práctica P1: documento de requerimientos y diagrama de la base de datos","Desarrollar paso a paso la práctica p1: documento de requerimientos y diagrama de la base de datos.","Entregar la evidencia funcional de la práctica p1: documento de requerimientos y diagrama de la base de datos.","Proyecto final del diplomado","HTML5, CSS3, JavaScript, Python, Flask o Django, base de datos, IA","1,5","1,","Alta","Pendiente"
"UNE14D09","374","Diplomado UneWeb","Programación Full Stack con Python e IA","Nivel 14 — Proyecto en Programación","Agosto 2027 · Día 9","9","Clase diaria 9: Fundamentos de diseño de la base de datos y diagrama Entidad-Relación","Comprender y aplicar fundamentos de diseño de la base de datos y diagrama entidad-relación dentro del objetivo del Nivel 14.","Fundamentos de diseño de la base de datos y diagrama Entidad-Relación","Realizar un ejemplo guiado de fundamentos de diseño de la base de datos y diagrama entidad-relación.","Resolver una práctica corta y responder preguntas de comprobación.","Proyecto final del diplomado","HTML5, CSS3, JavaScript, Python, Flask o Django, base de datos, IA","1,5","1,","Alta","Pendiente"
"UNE14D10","375","Diplomado UneWeb","Programación Full Stack con Python e IA","Nivel 14 — Proyecto en Programación","Agosto 2027 · Día 10","10","Clase diaria 10: Ejercicio guiado de diseño de la base de datos y diagrama Entidad-Relación","Comprender y aplicar ejercicio guiado de diseño de la base de datos y diagrama entidad-relación dentro del objetivo del Nivel 14.","Ejercicio guiado de diseño de la base de datos y diagrama Entidad-Relación","Realizar un ejemplo guiado de ejercicio guiado de diseño de la base de datos y diagrama entidad-relación.","Resolver una práctica corta y responder preguntas de comprobación.","Proyecto final del diplomado","HTML5, CSS3, JavaScript, Python, Flask o Django, base de datos, IA","1,5","1,","Alta","Pendiente"
"UNE14D11","376","Diplomado UneWeb","Programación Full Stack con Python e IA","Nivel 14 — Proyecto en Programación","Agosto 2027 · Día 11","11","Clase diaria 11: Fundamentos de arquitectura del sistema y organización del repositorio","Comprender y aplicar fundamentos de arquitectura del sistema y organización del repositorio dentro del objetivo del Nivel 14.","Fundamentos de arquitectura del sistema y organización del repositorio","Realizar un ejemplo guiado de fundamentos de arquitectura del sistema y organización del repositorio.","Resolver una práctica corta y responder preguntas de comprobación.","Proyecto final del diplomado","HTML5, CSS3, JavaScript, Python, Flask o Django, base de datos, IA","1,5","1,","Alta","Pendiente"
"UNE14D12","377","Diplomado UneWeb","Programación Full Stack con Python e IA","Nivel 14 — Proyecto en Programación","Agosto 2027 · Día 12","12","Clase diaria 12: Ejercicio guiado de arquitectura del sistema y organización del repositorio","Comprender y aplicar ejercicio guiado de arquitectura del sistema y organización del repositorio dentro del objetivo del Nivel 14.","Ejercicio guiado de arquitectura del sistema y organización del repositorio","Realizar un ejemplo guiado de ejercicio guiado de arquitectura del sistema y organización del repositorio.","Resolver una práctica corta y responder preguntas de comprobación.","Proyecto final del diplomado","HTML5, CSS3, JavaScript, Python, Flask o Django, base de datos, IA","1,5","1,","Alta","Pendiente"
"UNE14D13","378","Diplomado UneWeb","Programación Full Stack con Python e IA","Nivel 14 — Proyecto en Programación","Agosto 2027 · Día 13","13","Clase diaria 13: Fundamentos de maquetación del frontend con HTML5 y CSS3","Comprender y aplicar fundamentos de maquetación del frontend con html5 y css3 dentro del objetivo del Nivel 14.","Fundamentos de maquetación del frontend con HTML5 y CSS3","Realizar un ejemplo guiado de fundamentos de maquetación del frontend con html5 y css3.","Resolver una práctica corta y responder preguntas de comprobación.","Proyecto final del diplomado","HTML5, CSS3, JavaScript, Python, Flask o Django, base de datos, IA","1,5","1,","Alta","Pendiente"
"UNE14D14","379","Diplomado UneWeb","Programación Full Stack con Python e IA","Nivel 14 — Proyecto en Programación","Agosto 2027 · Día 14","14","Clase diaria 14: Ejercicio guiado de maquetación del frontend con HTML5 y CSS3","Comprender y aplicar ejercicio guiado de maquetación del frontend con html5 y css3 dentro del objetivo del Nivel 14.","Ejercicio guiado de maquetación del frontend con HTML5 y CSS3","Realizar un ejemplo guiado de ejercicio guiado de maquetación del frontend con html5 y css3.","Resolver una práctica corta y responder preguntas de comprobación.","Proyecto final del diplomado","HTML5, CSS3, JavaScript, Python, Flask o Django, base de datos, IA","1,5","1,","Alta","Pendiente"
"UNE14D15","380","Diplomado UneWeb","Programación Full Stack con Python e IA","Nivel 14 — Proyecto en Programación","Agosto 2027 · Día 15","15","Clase diaria 15: Práctica P2: maquetación del frontend del proyecto","Completar la práctica p2: maquetación del frontend del proyecto y demostrar los conocimientos acumulados.","Práctica P2: maquetación del frontend del proyecto","Desarrollar paso a paso la práctica p2: maquetación del frontend del proyecto.","Entregar la evidencia funcional de la práctica p2: maquetación del frontend del proyecto.","Proyecto final del diplomado","HTML5, CSS3, JavaScript, Python, Flask o Django, base de datos, IA","1,5","1,","Alta","Pendiente"
"UNE14D16","381","Diplomado UneWeb","Programación Full Stack con Python e IA","Nivel 14 — Proyecto en Programación","Agosto 2027 · Día 16","16","Clase diaria 16: Fundamentos de interactividad del frontend con JavaScript","Comprender y aplicar fundamentos de interactividad del frontend con javascript dentro del objetivo del Nivel 14.","Fundamentos de interactividad del frontend con JavaScript","Realizar un ejemplo guiado de fundamentos de interactividad del frontend con javascript.","Resolver una práctica corta y responder preguntas de comprobación.","Proyecto final del diplomado","HTML5, CSS3, JavaScript, Python, Flask o Django, base de datos, IA","1,5","1,","Alta","Pendiente"
"UNE14D17","382","Diplomado UneWeb","Programación Full Stack con Python e IA","Nivel 14 — Proyecto en Programación","Agosto 2027 · Día 17","17","Clase diaria 17: Ejercicio guiado de interactividad del frontend con JavaScript","Comprender y aplicar ejercicio guiado de interactividad del frontend con javascript dentro del objetivo del Nivel 14.","Ejercicio guiado de interactividad del frontend con JavaScript","Realizar un ejemplo guiado de ejercicio guiado de interactividad del frontend con javascript.","Resolver una práctica corta y responder preguntas de comprobación.","Proyecto final del diplomado","HTML5, CSS3, JavaScript, Python, Flask o Django, base de datos, IA","1,5","1,","Alta","Pendiente"
"UNE14D18","383","Diplomado UneWeb","Programación Full Stack con Python e IA","Nivel 14 — Proyecto en Programación","Agosto 2027 · Día 18","18","Clase diaria 18: Fundamentos de backend con Flask o Django","Comprender y aplicar fundamentos de backend con flask o django dentro del objetivo del Nivel 14.","Fundamentos de backend con Flask o Django","Realizar un ejemplo guiado de fundamentos de backend con flask o django.","Resolver una práctica corta y responder preguntas de comprobación.","Proyecto final del diplomado","HTML5, CSS3, JavaScript, Python, Flask o Django, base de datos, IA","1,5","1,","Alta","Pendiente"
"UNE14D19","384","Diplomado UneWeb","Programación Full Stack con Python e IA","Nivel 14 — Proyecto en Programación","Agosto 2027 · Día 19","19","Clase diaria 19: Ejercicio guiado de backend con Flask o Django","Comprender y aplicar ejercicio guiado de backend con flask o django dentro del objetivo del Nivel 14.","Ejercicio guiado de backend con Flask o Django","Realizar un ejemplo guiado de ejercicio guiado de backend con flask o django.","Resolver una práctica corta y responder preguntas de comprobación.","Proyecto final del diplomado","HTML5, CSS3, JavaScript, Python, Flask o Django, base de datos, IA","1,5","1,","Alta","Pendiente"
"UNE14D20","385","Diplomado UneWeb","Programación Full Stack con Python e IA","Nivel 14 — Proyecto en Programación","Agosto 2027 · Día 20","20","Clase diaria 20: Fundamentos de conexión del backend con la base de datos","Comprender y aplicar fundamentos de conexión del backend con la base de datos dentro del objetivo del Nivel 14.","Fundamentos de conexión del backend con la base de datos","Realizar un ejemplo guiado de fundamentos de conexión del backend con la base de datos.","Resolver una práctica corta y responder preguntas de comprobación.","Proyecto final del diplomado","HTML5, CSS3, JavaScript, Python, Flask o Django, base de datos, IA","1,5","1,","Alta","Pendiente"
"UNE14D21","386","Diplomado UneWeb","Programación Full Stack con Python e IA","Nivel 14 — Proyecto en Programación","Agosto 2027 · Día 21","21","Clase diaria 21: Ejercicio guiado de conexión del backend con la base de datos","Comprender y aplicar ejercicio guiado de conexión del backend con la base de datos dentro del objetivo del Nivel 14.","Ejercicio guiado de conexión del backend con la base de datos","Realizar un ejemplo guiado de ejercicio guiado de conexión del backend con la base de datos.","Resolver una práctica corta y responder preguntas de comprobación.","Proyecto final del diplomado","HTML5, CSS3, JavaScript, Python, Flask o Django, base de datos, IA","1,5","1,","Alta","Pendiente"
"UNE14D22","387","Diplomado UneWeb","Programación Full Stack con Python e IA","Nivel 14 — Proyecto en Programación","Agosto 2027 · Día 22","22","Clase diaria 22: Práctica P3: backend funcional conectado a la base de datos","Completar la práctica p3: backend funcional conectado a la base de datos y demostrar los conocimientos acumulados.","Práctica P3: backend funcional conectado a la base de datos","Desarrollar paso a paso la práctica p3: backend funcional conectado a la base de datos.","Entregar la evidencia funcional de la práctica p3: backend funcional conectado a la base de datos.","Proyecto final del diplomado","HTML5, CSS3, JavaScript, Python, Flask o Django, base de datos, IA","1,5","1,","Alta","Pendiente"
"UNE14D23","388","Diplomado UneWeb","Programación Full Stack con Python e IA","Nivel 14 — Proyecto en Programación","Agosto 2027 · Día 23","23","Clase diaria 23: Fundamentos de pruebas funcionales y de integración","Comprender y aplicar fundamentos de pruebas funcionales y de integración dentro del objetivo del Nivel 14.","Fundamentos de pruebas funcionales y de integración","Realizar un ejemplo guiado de fundamentos de pruebas funcionales y de integración.","Resolver una práctica corta y responder preguntas de comprobación.","Proyecto final del diplomado","HTML5, CSS3, JavaScript, Python, Flask o Django, base de datos, IA","1,5","1,","Alta","Pendiente"
"UNE14D24","389","Diplomado UneWeb","Programación Full Stack con Python e IA","Nivel 14 — Proyecto en Programación","Agosto 2027 · Día 24","24","Clase diaria 24: Fundamentos de integración de una función con IA","Comprender y aplicar fundamentos de integración de una función con ia dentro del objetivo del Nivel 14.","Fundamentos de integración de una función con IA","Realizar un ejemplo guiado de fundamentos de integración de una función con ia.","Resolver una práctica corta y responder preguntas de comprobación.","Proyecto final del diplomado","HTML5, CSS3, JavaScript, Python, Flask o Django, base de datos, IA","1,5","1,","Alta","Pendiente"
"UNE14D25","390","Diplomado UneWeb","Programación Full Stack con Python e IA","Nivel 14 — Proyecto en Programación","Agosto 2027 · Día 25","25","Clase diaria 25: Fundamentos de seguridad básica y manejo de errores","Comprender y aplicar fundamentos de seguridad básica y manejo de errores dentro del objetivo del Nivel 14.","Fundamentos de seguridad básica y manejo de errores","Realizar un ejemplo guiado de fundamentos de seguridad básica y manejo de errores.","Resolver una práctica corta y responder preguntas de comprobación.","Proyecto final del diplomado","HTML5, CSS3, JavaScript, Python, Flask o Django, base de datos, IA","1,5","1,","Alta","Pendiente"
"UNE14D26","391","Diplomado UneWeb","Programación Full Stack con Python e IA","Nivel 14 — Proyecto en Programación","Agosto 2027 · Día 26","26","Clase diaria 26: Práctica P4: integración de una función con IA en el proyecto","Completar la práctica p4: integración de una función con ia en el proyecto y demostrar los conocimientos acumulados.","Práctica P4: integración de una función con IA en el proyecto","Desarrollar paso a paso la práctica p4: integración de una función con ia en el proyecto.","Entregar la evidencia funcional de la práctica p4: integración de una función con ia en el proyecto.","Proyecto final del diplomado","HTML5, CSS3, JavaScript, Python, Flask o Django, base de datos, IA","1,5","1,","Alta","Pendiente"
"UNE14D27","392","Diplomado UneWeb","Programación Full Stack con Python e IA","Nivel 14 — Proyecto en Programación","Agosto 2027 · Día 27","27","Clase diaria 27: Fundamentos de despliegue de la aplicación","Comprender y aplicar fundamentos de despliegue de la aplicación dentro del objetivo del Nivel 14.","Fundamentos de despliegue de la aplicación","Realizar un ejemplo guiado de fundamentos de despliegue de la aplicación.","Resolver una práctica corta y responder preguntas de comprobación.","Proyecto final del diplomado","HTML5, CSS3, JavaScript, Python, Flask o Django, base de datos, IA","1,5","1,","Alta","Pendiente"
"UNE14D28","393","Diplomado UneWeb","Programación Full Stack con Python e IA","Nivel 14 — Proyecto en Programación","Agosto 2027 · Día 28","28","Clase diaria 28: Fundamentos de documentación técnica y manual de usuario","Comprender y aplicar fundamentos de documentación técnica y manual de usuario dentro del objetivo del Nivel 14.","Fundamentos de documentación técnica y manual de usuario","Realizar un ejemplo guiado de fundamentos de documentación técnica y manual de usuario.","Resolver una práctica corta y responder preguntas de comprobación.","Proyecto final del diplomado","HTML5, CSS3, JavaScript, Python, Flask o Django, base de datos, IA","1,5","1,","Alta","Pendiente"
"UNE14D29","394","Diplomado UneWeb","Programación Full Stack con Python e IA","Nivel 14 — Proyecto en Programación","Agosto 2027 · Día 29","29","Clase diaria 29: Fundamentos de preparación de la presentación y demostración final","Comprender y aplicar fundamentos de preparación de la presentación y demostración final dentro del objetivo del Nivel 14.","Fundamentos de preparación de la presentación y demostración final","Realizar un ejemplo guiado de fundamentos de preparación de la presentación y demostración final.","Resolver una práctica corta y responder preguntas de comprobación.","Proyecto final del diplomado","HTML5, CSS3, JavaScript, Python, Flask o Django, base de datos, IA","1,5","1,","Alta","Pendiente"
"UNE14D30","395","Diplomado UneWeb","Programación Full Stack con Python e IA","Nivel 14 — Proyecto en Programación","Agosto 2027 · Día 30","30","Clase diaria 30: Práctica P5: PROYECTO FINAL: aplicación completa desplegada y presentada","Completar la práctica p5: proyecto final: aplicación completa desplegada y presentada y demostrar los conocimientos acumulados.","Práctica P5: PROYECTO FINAL: aplicación completa desplegada y presentada","Desarrollar paso a paso la práctica p5: proyecto final: aplicación completa desplegada y presentada.","Entregar la evidencia funcional de la práctica p5: proyecto final: aplicación completa desplegada y presentada.","Proyecto final del diplomado","HTML5, CSS3, JavaScript, Python, Flask o Django, base de datos, IA","1,5","1,","Alta","Pendiente"
"UNE14D31","396","Diplomado UneWeb","Programación Full Stack con Python e IA","Nivel 14 — Proyecto en Programación","Agosto 2027 · Día 31","31","Clase diaria 31: Evaluación integral, corrección de errores y cierre del Nivel 14","Comprender y aplicar evaluación integral, corrección de errores y cierre del nivel 14 dentro del objetivo del Nivel 14.","Evaluación integral, corrección de errores y cierre del Nivel 14","Realizar un ejemplo guiado de evaluación integral, corrección de errores y cierre del nivel 14.","Resolver una práctica corta y responder preguntas de comprobación.","Proyecto final del diplomado","HTML5, CSS3, JavaScript, Python, Flask o Django, base de datos, IA","1,5","1,","Alta","Pendiente"
"L005","397","Fase 0","Nivelación desde cero","Desarrollo Web — Coderhouse","2","4","CSS Grid y Media Queries","Crear layouts de cuadrícula y adaptar la interfaz a móvil, tableta y escritorio.","CSS Grid, grid-template-columns, minmax, auto-fit, breakpoints, media queries, responsive design","Convertir la sección principal en una cuadrícula responsive.","Landing responsive probada en al menos tres tamaños de pantalla.","Landing IA","CSS Grid, Media Queries, DevTools","2,","2,","Alta","Pendiente"
"L006","398","Fase 0","Nivelación desde cero","Desarrollo Web — Coderhouse","2","5","Pseudoclases y Bootstrap","Agregar estados interactivos y utilizar componentes responsivos de Bootstrap.",":hover, :focus, :active, :nth-child, Bootstrap grid, utilities, components","Mejorar botones y navegación con pseudoclases e integrar un componente de Bootstrap.","Landing con interacción visual y al menos un componente Bootstrap personalizado.","Landing IA","CSS, Bootstrap","2,","2,","Alta","Pendiente"
"L008","399","Fase 0","Nivelación desde cero","Desarrollo Web — Coderhouse","3","7","Dominio de SCSS","Organizar estilos mediante variables, anidamiento, parciales y reutilización.","Sass/SCSS, variables, nesting, partials, mixins, modules, compilación","Migrar una parte del CSS de la landing a una estructura SCSS.","Carpeta SCSS organizada y CSS compilado funcionando.","Landing IA","SCSS, Sass, npm","2,","2,","Alta","Pendiente"
"L010","400","Fase 0","Nivelación desde cero","Desarrollo Web — Coderhouse","4","9","SEO, Dominios y Servidores","Preparar una web para buscadores y comprender publicación, dominio y hosting.","SEO on-page, title, meta description, encabezados, alt, sitemap, dominio, DNS, hosting, servidor","Optimizar metadatos e imágenes y preparar un checklist de publicación.","Landing optimizada y documento breve con dominio/hosting elegido.","Landing IA","HTML, SEO, GitHub Pages o Vercel","2,","2,","Alta","Pendiente"
"L012","401","Fase 0","Nivelación desde cero","Desarrollo Web — Coderhouse","4","11","Proyecto Final de Desarrollo Web","Integrar HTML, CSS, responsive, Bootstrap, SCSS, animaciones, Git y publicación.","integración frontend, responsive, accesibilidad, SEO, control de versiones, deploy","Completar y publicar la landing profesional de servicios de automatización e IA.","Repositorio GitHub, README, capturas y URL pública de la landing.","Landing IA publicada","HTML, CSS, Bootstrap, SCSS, GitHub, Vercel","2,","2,","Alta","Pendiente"
"L023","402","Fase 0","Nivelación desde cero","JavaScript — Coderhouse","8","11","Ecosistema Moderno: Node.js, Frameworks y Cierre","Entender el ecosistema JavaScript moderno y preparar el paso hacia React.","Node.js, npm, package.json, módulos, bundlers, frameworks, linting, estructura de proyecto","Crear un proyecto Node básico, instalar una dependencia y documentar el flujo.","Repositorio con package.json, módulos y resumen comparativo de frameworks.","Puente a React","Node.js, npm, JavaScript","2,","2,","Alta","Pendiente"
"L025","403","Fase 0","Nivelación desde cero","JavaScript — Módulo 12: Iteradores, generadores y símbolos","9","5","Delegar generadores","Aprender a delegar parte de un generador en otro generador o iterable.","function*, yield, yield*, delegación, composición de generadores","Crear dos generadores y usar yield* para producir una sola secuencia.","Archivo con un generador compuesto y explicación breve de cómo se delegan los valores.","JavaScript avanzado","JavaScript, navegador, DevTools","2,","2,","Alta","Pendiente"
"L026","404","Fase 0","Nivelación desde cero","JavaScript — Módulo 12: Iteradores, generadores y símbolos","9","6","Dónde se usan los generadores","Reconocer casos reales donde los generadores simplifican el control de secuencias.","evaluación perezosa, secuencias, paginación, flujos, estados, memoria","Simular una secuencia paginada que entregue resultados bajo demanda.","Ejemplo funcional con al menos dos casos de uso explicados.","JavaScript avanzado","JavaScript, navegador, DevTools","2,","2,","Alta","Pendiente"
"L027","405","Fase 0","Nivelación desde cero","JavaScript — Módulo 12: Iteradores, generadores y símbolos","9","7","Símbolos en JavaScript","Comprender qué es Symbol y por qué crea identificadores únicos.","Symbol, tipo primitivo, unicidad, descripción, Symbol.for, Symbol.keyFor","Crear símbolos locales y globales y comparar sus resultados.","Archivo con ejemplos de símbolos únicos y registro global.","JavaScript avanzado","JavaScript, navegador, DevTools","2,","2,","Alta","Pendiente"
"L028","406","Fase 0","Nivelación desde cero","JavaScript — Módulo 12: Iteradores, generadores y símbolos","9","8","Manejo de símbolos","Usar símbolos como claves de propiedades y conocer símbolos integrados del lenguaje.","propiedades con Symbol, Object.getOwnPropertySymbols, símbolos bien conocidos, encapsulación","Agregar propiedades simbólicas a un objeto y recuperarlas de forma explícita.","Objeto con propiedades simbólicas y explicación de su visibilidad.","JavaScript avanzado","JavaScript, navegador, DevTools","2,","2,","Alta","Pendiente"
"L029","407","Fase 0","Nivelación desde cero","JavaScript — Módulo 12: Iteradores, generadores y símbolos","10","9","Iterables con iteradores","Construir un objeto iterable implementando su propio iterador.","iterable, iterator, next, value, done, Symbol.iterator","Crear una colección personalizada que funcione con for...of.","Iterable personalizado con pruebas y explicación del protocolo.","JavaScript avanzado","JavaScript, navegador, DevTools","2,","2,","Alta","Pendiente"
"L030","408","Fase 0","Nivelación desde cero","JavaScript — Módulo 12: Iteradores, generadores y símbolos","10","10","Iterables y generadores","Simplificar la creación de iterables utilizando funciones generadoras.","generator, yield, Symbol.iterator, for...of, spread, Array.from","Reescribir el iterable anterior usando un generador.","Comparación entre iterador manual e iterable basado en generador.","JavaScript avanzado","JavaScript, navegador, DevTools","2,","2,","Alta","Pendiente"
"L031","409","Fase 0","Nivelación desde cero","JavaScript — Módulo 13: Cadenas a fondo","10","1","Strings o cadenas","Comprender las cadenas como valores inmutables y secuencias de caracteres.","string, inmutabilidad, length, índices, valor primitivo","Inspeccionar una cadena, su longitud y sus caracteres.","Ejemplos básicos comentados sobre comportamiento e inmutabilidad.","JavaScript avanzado","JavaScript, navegador, DevTools","2,","2,","Alta","Pendiente"
"L032","410","Fase 0","Nivelación desde cero","JavaScript — Módulo 13: Cadenas a fondo","10","2","Cómo definir una cadena","Distinguir las distintas formas de crear cadenas en JavaScript.","comillas simples, comillas dobles, template literals, String, conversión","Definir el mismo texto con varias sintaxis y convertir valores a string.","Archivo con ejemplos y criterios para elegir cada sintaxis.","JavaScript avanzado","JavaScript, navegador, DevTools","2,","2,","Alta","Pendiente"
"L033","411","Fase 0","Nivelación desde cero","JavaScript — Módulo 13: Cadenas a fondo","11","3","Caracteres especiales","Representar saltos, tabulaciones, comillas y caracteres escapados dentro de cadenas.","secuencias de escape, \n, \t, \\, comillas, escapes Unicode","Crear un texto multilínea con caracteres escapados.","Mensaje formateado que use al menos cuatro secuencias especiales.","JavaScript avanzado","JavaScript, navegador, DevTools","2,","2,","Alta","Pendiente"
"L034","412","Fase 0","Nivelación desde cero","JavaScript — Módulo 13: Cadenas a fondo","11","4","Concatenación e interpolación","Combinar textos y variables usando concatenación e interpolación.","operador +, template literals, ${}, conversión implícita","Construir un resumen de cotización usando variables.","Mensaje dinámico legible creado con template literals.","JavaScript avanzado","JavaScript, navegador, DevTools","2,","2,","Alta","Pendiente"
"L035","413","Fase 0","Nivelación desde cero","JavaScript — Módulo 13: Cadenas a fondo","11","5","Comparación de cadenas","Comparar cadenas de forma correcta según código y reglas de idioma.","operador ===, orden lexicográfico, localeCompare, mayúsculas, minúsculas, normalización","Ordenar una lista de nombres y comparar variantes con acentos.","Comparación documentada usando === y localeCompare.","JavaScript avanzado","JavaScript, navegador, DevTools","2,","2,","Alta","Pendiente"
"L036","414","Fase 0","Nivelación desde cero","JavaScript — Módulo 13: Cadenas a fondo","11","6","Subcadenas y caracteres","Extraer fragmentos y caracteres concretos de una cadena.","índices, at, charAt, slice, substring","Extraer código, nombre y dominio desde textos de ejemplo.","Funciones reutilizables para obtener partes de una cadena.","JavaScript avanzado","JavaScript, navegador, DevTools","2,","2,","Alta","Pendiente"
"L037","415","Fase 0","Nivelación desde cero","JavaScript — Módulo 13: Cadenas a fondo","12","7","Búsqueda","Localizar texto y comprobar prefijos o sufijos dentro de cadenas.","includes, indexOf, lastIndexOf, startsWith, endsWith","Crear un buscador simple sobre descripciones de servicios.","Función que devuelva coincidencias y maneje textos no encontrados.","JavaScript avanzado","JavaScript, navegador, DevTools","2,","2,","Alta","Pendiente"
"L038","416","Fase 0","Nivelación desde cero","JavaScript — Módulo 13: Cadenas a fondo","12","8","Cadenas y arreglos","Transformar cadenas en arreglos y reconstruirlas.","split, join, spread, Array.from, caracteres, palabras","Separar una frase, limpiar sus palabras y volver a unirla.","Normalizador básico de frases basado en split y join.","JavaScript avanzado","JavaScript, navegador, DevTools","2,","2,","Alta","Pendiente"
"L039","417","Fase 0","Nivelación desde cero","JavaScript — Módulo 13: Cadenas a fondo","12","9","Otros métodos de las cadenas","Aplicar métodos frecuentes para limpiar, rellenar, repetir y reemplazar texto.","trim, trimStart, trimEnd, repeat, padStart, padEnd, replace, toUpperCase, toLowerCase","Formatear nombres, códigos y precios recibidos como texto.","Utilidad de limpieza y formato con varios métodos encadenados.","JavaScript avanzado","JavaScript, navegador, DevTools","2,","2,","Alta","Pendiente"
"L040","418","Fase 0","Nivelación desde cero","JavaScript — Módulo 13: Cadenas a fondo","12","10","Unicode","Entender cómo JavaScript representa texto Unicode y sus limitaciones.","Unicode, UTF-16, code unit, code point, surrogate pair, normalize","Comparar longitud visual y longitud interna de caracteres especiales.","Ejemplos con emojis, acentos y normalización Unicode.","JavaScript avanzado","JavaScript, navegador, DevTools","2,","2,","Alta","Pendiente"
"L041","419","Fase 0","Nivelación desde cero","JavaScript — Módulo 13: Cadenas a fondo","13","11","Planos Unicode","Distinguir el plano multilingüe básico de los planos suplementarios.","BMP, planos Unicode, codePointAt, fromCodePoint, pares sustitutos","Obtener y reconstruir puntos de código de varios caracteres.","Tabla breve con caracteres, puntos de código y plano correspondiente.","JavaScript avanzado","JavaScript, navegador, DevTools","2,","2,","Alta","Pendiente"
"L042","420","Fase 0","Nivelación desde cero","JavaScript — Módulo 14: Expresiones regulares","13","1","Expresiones regulares","Comprender qué es una expresión regular y cómo se representa en JavaScript.","RegExp, literal regex, constructor, patrón, flags g i m s u y","Crear patrones simples para validar palabras y números.","Archivo con expresiones regulares comentadas y pruebas básicas.","JavaScript avanzado","JavaScript, navegador, DevTools","2,","2,","Alta","Pendiente"
"L043","421","Fase 0","Nivelación desde cero","JavaScript — Módulo 14: Expresiones regulares","13","2","Búsqueda con expresiones regulares","Buscar coincidencias usando métodos de RegExp y String.","test, exec, match, matchAll, search, flags","Localizar correos, teléfonos o palabras clave en textos de prueba.","Buscador que muestre todas las coincidencias encontradas.","JavaScript avanzado","JavaScript, navegador, DevTools","2,","2,","Alta","Pendiente"
"L044","422","Fase 0","Nivelación desde cero","JavaScript — Módulo 14: Expresiones regulares","13","3","Reemplazando patrones","Reemplazar partes de un texto usando patrones y grupos capturados.","replace, replaceAll, callback de reemplazo, $1, grupos capturados","Ocultar partes de un teléfono y normalizar espacios.","Función de sanitización con al menos dos reemplazos basados en regex.","JavaScript avanzado","JavaScript, navegador, DevTools","2,","2,","Alta","Pendiente"
"L045","423","Fase 0","Nivelación desde cero","JavaScript — Módulo 14: Expresiones regulares","14","4","Rangos en regex","Definir conjuntos y rangos de caracteres dentro de un patrón.","clases de caracteres, [], [a-z], [0-9], negación, \d, \w, \s","Construir patrones para letras, números y caracteres permitidos.","Validador de nombre de usuario con rangos y clases.","JavaScript avanzado","JavaScript, navegador, DevTools","2,","2,","Alta","Pendiente"
"L046","424","Fase 0","Nivelación desde cero","JavaScript — Módulo 14: Expresiones regulares","14","5","Agrupamiento","Agrupar alternativas y capturar partes significativas de una coincidencia.","grupos, captura, no captura, alternación, grupos con nombre, referencias","Separar código de país, área y número de un teléfono.","Patrón con grupos nombrados y resultado convertido a objeto.","JavaScript avanzado","JavaScript, navegador, DevTools","2,","2,","Alta","Pendiente"
"L047","425","Fase 0","Nivelación desde cero","JavaScript — Módulo 14: Expresiones regulares","14","6","Cuantificadores","Controlar cuántas veces puede repetirse una parte del patrón.","*, +, ?, {n}, {n,}, {n,m}, greedy, lazy","Validar contraseñas o códigos con longitudes específicas.","Conjunto de pruebas que demuestre cuantificadores y modo perezoso.","JavaScript avanzado","JavaScript, navegador, DevTools","2,","2,","Alta","Pendiente"
"L048","426","Fase 0","Nivelación desde cero","JavaScript — Módulo 14: Expresiones regulares","14","7","Ejercicio final regex","Integrar búsqueda, rangos, grupos, cuantificadores y reemplazos en un ejercicio completo.","validación, extracción, sanitización, grupos, cuantificadores, casos de prueba","Crear un procesador que valide y extraiga datos de un formulario simulado.","Mini proyecto con validación de nombre, correo y teléfono, pruebas y explicación.","JavaScript avanzado","JavaScript, navegador, DevTools","2,","2,","Alta","Pendiente"
"PY015","427","Fase 0","Nivelación desde cero","Python desde cero y APIs","18","15","Errores, excepciones y validación robusta","Interpretar errores y evitar que el programa se cierre ante entradas incorrectas.","SyntaxError, TypeError, ValueError, try, except, else, finally, raise","Proteger una división y una conversión numérica mediante excepciones específicas.","Mejorar un programa anterior para manejar al menos tres errores previsibles.","Validador robusto","Python, depurador","2,","2,","Alta","Pendiente"
"PY017","428","Fase 0","Nivelación desde cero","Python desde cero y APIs","19","17","Comprensiones y transformación de datos","Transformar colecciones con expresiones compactas y comprensibles.","list comprehension, dict comprehension, filtros, funciones integradas, sorted()","Filtrar pedidos superiores a un monto y crear una lista con sus totales.","Limpiar y transformar un conjunto de registros sin modificar los datos originales.","Procesador de datos","Python","2,","2,","Alta","Pendiente"
"PY021","429","Fase 0","Nivelación desde cero","Python desde cero y APIs","20","21","Fundamentos de HTTP, APIs y JSON","Comprender cómo un programa Python se comunica con servicios externos.","cliente-servidor, HTTP, URL, endpoint, métodos, headers, request, response, status codes, JSON","Analizar una petición de ejemplo e identificar método, endpoint, respuesta y código de estado.","Crear un mapa explicado de una API y leer manualmente una respuesta JSON.","Mapa de APIs","HTTP, JSON, Postman","2,","2,","Alta","Pendiente"
"PY022","430","Fase 0","Nivelación desde cero","Python desde cero y APIs","20","22","Consumir APIs con requests","Realizar peticiones HTTP desde Python y manejar respuestas correctamente.","requests, GET, params, headers, timeout, response.json(), raise_for_status()","Consultar una API pública, verificar el estado y mostrar tres campos de la respuesta.","Crear un buscador por terminal que consulte datos externos y maneje fallos de conexión.","Cliente de API","Python, requests, Postman","2,","3,","Alta","Pendiente"
"PY023","431","Fase 0","Nivelación desde cero","Python desde cero y APIs","20","23","Integración de APIs, variables de entorno y seguridad básica","Usar datos externos sin exponer credenciales y separar configuración del código.","POST, payload, autenticación, API key, variables de entorno, .env, .gitignore, secretos","Preparar una petición autenticada de práctica usando una variable de entorno.","Construir una integración que lea configuración externa y guarde una respuesta procesada en JSON.","Integración segura","Python, requests, python-dotenv","2,","3,","Alta","Pendiente"
"PY025","432","Fase 0","Nivelación desde cero","Python intermedio y automatización","21","25","Type hints, dataclasses y modelos de datos","Escribir código más claro y representar datos estructurados de forma segura.","type hints, Optional, Union, list[str], dict[str, int], dataclass, field","Convertir el modelo Cliente en una dataclass con tipos y valores predeterminados.","Crear modelos tipados para Cliente, Servicio y Cotización.","Modelos de datos Python","Python, mypy opcional","2,","2,","Alta","Pendiente"
"PY026","433","Fase 0","Nivelación desde cero","Python intermedio y automatización","21","26","Iteradores y generadores","Procesar secuencias grandes sin cargar todos los elementos en memoria.","iterable, iterator, iter(), next(), yield, generator expression, StopIteration","Crear un generador que entregue códigos únicos de uno en uno.","Procesar un archivo de registros línea por línea usando un generador.","Procesador eficiente","Python","2,","2,","Alta","Pendiente"
"PY027","434","Fase 0","Nivelación desde cero","Python intermedio y automatización","21","27","Decoradores y context managers","Agregar comportamiento reutilizable y administrar recursos correctamente.","funciones como objetos, closures, decoradores, @wraps, with, __enter__, __exit__","Crear un decorador que mida el tiempo de ejecución de una función.","Registrar llamadas a funciones y crear un context manager sencillo.","Utilidades reutilizables","Python","2,","3,","Alta","Pendiente"
"PY028","435","Fase 0","Nivelación desde cero","Python intermedio y automatización","21","28","Expresiones regulares y limpieza de texto","Buscar, validar y transformar patrones dentro de textos.","re, patrones, grupos, search(), findall(), sub(), validación de email y teléfono","Extraer correos y teléfonos de un texto de prueba.","Crear un limpiador que normalice teléfonos y detecte registros inválidos.","Limpieza de contactos","Python, módulo re","2,","2,","Alta","Pendiente"
"PY029","436","Fase 0","Nivelación desde cero","Python intermedio y automatización","22","29","Fechas, horas y zonas horarias","Trabajar correctamente con fechas, duraciones y diferentes zonas horarias.","datetime, date, time, timedelta, strptime(), strftime(), zoneinfo","Calcular días restantes y convertir una cita entre dos zonas horarias.","Crear un programador de recordatorios que guarde fecha, hora y zona horaria.","Agenda Python","Python, datetime, zoneinfo","2,","2,","Alta","Pendiente"
"PY030","437","Fase 0","Nivelación desde cero","Python intermedio y automatización","22","30","Puente: SQLite desde Python y diseño de persistencia","Aplicar el conocimiento de CS50 SQL desde Python, preparando la transición a sqlite3 y a una aplicación de terminal.","sqlite3, conexión, cursor, parámetros, schema, CRUD desde Python","Abrir la base del proyecto SQL y ejecutar una consulta parametrizada desde Python.","Script Python que lea y escriba una base SQLite sin repetir el bloque de SQL puro.","Gestor automatizado de clientes","Python, sqlite3, SQLite","2,","3,","Alta","Pendiente"
"PY031","438","Fase 0","Nivelación desde cero","Python intermedio y automatización","22","31","SQLite con Python y operaciones CRUD","Guardar y consultar datos persistentes mediante una base de datos local.","sqlite3, conexión, cursor, execute(), commit(), parámetros, CRUD, transacciones","Crear una base SQLite y registrar clientes usando consultas parametrizadas.","Migrar el mini CRM de JSON a SQLite con altas, consultas, cambios y bajas.","CRM con SQLite","Python, SQLite","2,","3,","Alta","Pendiente"
"PY032","439","Fase 0","Nivelación desde cero","Python intermedio y automatización","22","32","Aplicaciones de terminal con argparse","Crear herramientas que reciban comandos y opciones desde la terminal.","argparse, argumentos posicionales, flags, subcomandos, help, códigos de salida","Convertir un script para que reciba nombre de archivo y formato desde terminal.","Crear una herramienta con comandos agregar, listar, buscar y eliminar.","CLI de clientes","Python, Terminal, argparse","2,","3,","Alta","Pendiente"
"PY033","440","Fase 0","Nivelación desde cero","Python intermedio y automatización","23","33","Automatización de archivos y carpetas","Automatizar tareas repetitivas del sistema de archivos de forma segura.","pathlib, os, shutil, glob, rename, copy, move, mkdir, comprobaciones","Clasificar archivos de una carpeta de prueba según su extensión.","Crear un organizador con modo simulación, registro de acciones y protección contra sobrescritura.","Organizador de archivos","Python, pathlib, shutil","2,","3,","Alta","Pendiente"
"PY034","441","Fase 0","Nivelación desde cero","Python intermedio y automatización","23","34","Análisis de CSV y Excel con pandas","Leer, limpiar, resumir y exportar datos tabulares con Python.","pandas, DataFrame, read_csv(), read_excel(), filtros, groupby(), valores nulos, exportación","Leer un archivo de ventas y calcular total, promedio y resultados por categoría.","Crear un informe limpio desde un conjunto de datos con registros incompletos.","Informe de datos","Python, pandas, openpyxl","2,","4,","Alta","Pendiente"
"PY035","442","Fase 0","Nivelación desde cero","Python intermedio y automatización","23","35","Programación asíncrona con async y await","Ejecutar eficientemente varias operaciones de entrada y salida.","asyncio, coroutine, async, await, task, gather(), timeout, concurrencia","Simular tres consultas lentas y ejecutarlas secuencialmente y en paralelo.","Consultar varios endpoints con límites de tiempo y manejo de errores.","Cliente asíncrono","Python, asyncio, aiohttp","2,","3,","Alta","Pendiente"
"PY036","443","Fase 0","Nivelación desde cero","Python intermedio y automatización","23","36","Proyecto final de Python intermedio y automatización","Integrar base de datos, automatización, datos, CLI, pruebas y documentación.","arquitectura por capas, SQLite, argparse, pandas, logging, pruebas, configuración, README","Construir por etapas una herramienta que importe clientes, valide datos y los almacene en SQLite.","Entregar una aplicación de terminal con importación CSV, base SQLite, reportes, logging, pruebas, documentación y demostración.","Gestor automatizado de clientes","Python, SQLite, pandas, pytest, GitHub","2,","5,","Alta","Pendiente"
"PY037","444","Fase 0","Dominio profundo del lenguaje Python","Python profundo: modelo de datos","24","37","Estructura léxica, expresiones y evaluación","Comprender cómo Python interpreta tokens, expresiones y bloques antes de ejecutar el programa.","tokens, palabras clave, literales, expresiones, sentencias, precedencia, asociatividad, indentación","Escribir expresiones equivalentes y predecir su orden de evaluación antes de ejecutarlas.","Crear un laboratorio con 20 expresiones comentadas y justificar cada resultado.","Laboratorio de dominio Python","Python, VS Code, biblioteca estándar","2,","3,","Alta","Pendiente"
"PY038","445","Fase 0","Dominio profundo del lenguaje Python","Python profundo: modelo de datos","24","38","Identidad, igualdad, mutabilidad y aliasing","Distinguir identidad, valor y referencias compartidas entre objetos.","id(), is, ==, referencias, aliasing, mutabilidad, objetos inmutables","Comparar listas, tuplas y enteros usando identidad e igualdad y dibujar sus referencias.","Resolver ejercicios de aliasing y corregir tres errores causados por referencias compartidas.","Laboratorio de dominio Python","Python, VS Code, biblioteca estándar","2,","3,","Alta","Pendiente"
"PY039","446","Fase 0","Dominio profundo del lenguaje Python","Python profundo: modelo de datos","24","39","Modelo numérico y precisión","Dominar enteros, flotantes, complejos y operaciones numéricas con sus límites.","int arbitrario, float IEEE 754, complex, división, módulo, potencia, redondeo, Decimal y Fraction","Comparar cálculos monetarios con float, Decimal y Fraction.","Construir una calculadora numérica que documente errores de precisión y casos límite.","Laboratorio de dominio Python","Python, VS Code, biblioteca estándar","2,","4,","Alta","Pendiente"
"PY040","447","Fase 0","Dominio profundo del lenguaje Python","Python profundo: modelo de datos","24","40","Unicode, cadenas y bytes","Comprender la diferencia entre texto Unicode y datos binarios.","str, Unicode, code points, encode(), decode(), bytes, bytearray, errores de codificación","Codificar y decodificar textos con UTF-8 y analizar errores controlados.","Crear un normalizador que procese texto y bytes sin perder caracteres.","Laboratorio de dominio Python","Python, VS Code, biblioteca estándar","2,","3,","Alta","Pendiente"
"PY041","448","Fase 0","Dominio profundo del lenguaje Python","Python profundo: modelo de datos","25","41","Truthiness, comparaciones y cortocircuito","Dominar la evaluación booleana y las reglas de comparación de Python.","truthiness, __bool__, __len__, comparación encadenada, and, or, not, cortocircuito","Predecir y verificar el resultado de expresiones booleanas complejas.","Construir un validador compuesto sin condiciones redundantes y justificar su lógica.","Laboratorio de dominio Python","Python, VS Code, biblioteca estándar","2,","3,","Alta","Pendiente"
"PY042","449","Fase 0","Dominio profundo del lenguaje Python","Python profundo: modelo de datos","25","42","Asignación, desempaquetado y expresiones starred","Utilizar asignación múltiple y desempaquetado flexible con seguridad.","asignación múltiple, swapping, unpacking, *rest, starred expressions, walrus operator","Desempaquetar registros de longitudes variables y validar su estructura.","Resolver 15 ejercicios de asignación y crear un parser de registros.","Laboratorio de dominio Python","Python, VS Code, biblioteca estándar","2,","3,","Alta","Pendiente"
"PY043","450","Fase 0","Dominio profundo del lenguaje Python","Python profundo: modelo de datos","25","43","Protocolo de secuencias, índices y slicing","Entender cómo funcionan índices, cortes y operaciones comunes de secuencias.","__len__, __getitem__, índices negativos, slice, pasos, concatenación, repetición, pertenencia","Implementar cortes complejos sobre texto, listas y rangos.","Crear una clase secuencia mínima que admita len(), índices y slicing.","Laboratorio de dominio Python","Python, VS Code, biblioteca estándar","2,","4,","Alta","Pendiente"
"PY044","451","Fase 0","Dominio profundo del lenguaje Python","Python profundo: modelo de datos","25","44","Copias superficiales, profundas y estructuras anidadas","Controlar la duplicación de objetos simples y anidados.","copy, deepcopy, referencias internas, ciclos, estructuras anidadas, copy protocol","Comparar asignación, copia superficial y copia profunda en listas anidadas.","Construir pruebas que demuestren cuándo se comparte estado y cuándo no.","Laboratorio de dominio Python","Python, VS Code, biblioteca estándar","2,","3,","Alta","Pendiente"
"PY045","452","Fase 0","Dominio profundo del lenguaje Python","Python profundo: funciones","26","45","Objetos función y pila de llamadas","Comprender las funciones como objetos y seguir el flujo de ejecución en la pila.","callable, objeto función, __name__, __doc__, stack frame, llamada, retorno","Inspeccionar funciones, almacenarlas en variables y rastrear llamadas anidadas.","Crear un trazador manual de llamadas para un programa con cinco funciones.","Laboratorio de dominio Python","Python, VS Code, biblioteca estándar","2,","3,","Alta","Pendiente"
"PY046","453","Fase 0","Dominio profundo del lenguaje Python","Python profundo: funciones","26","46","Regla LEGB, global y nonlocal","Dominar la resolución de nombres y modificar ámbitos conscientemente.","Local, Enclosing, Global, Built-in, global, nonlocal, shadowing","Resolver ejemplos con nombres repetidos en cuatro ámbitos.","Crear un contador mediante closure y corregir errores de alcance sin variables globales.","Laboratorio de dominio Python","Python, VS Code, biblioteca estándar","2,","4,","Alta","Pendiente"
"PY047","454","Fase 0","Dominio profundo del lenguaje Python","Python profundo: funciones","26","47","Parámetros posicionales, nombrados y restringidos","Diseñar firmas claras y controlar cómo se invocan las funciones.","positional-only /, keyword-only *, argumentos por defecto, firma, TypeError","Diseñar funciones que obliguen a usar determinados argumentos por nombre.","Refactorizar cinco firmas ambiguas y escribir llamadas válidas e inválidas.","Laboratorio de dominio Python","Python, VS Code, biblioteca estándar","2,","3,","Alta","Pendiente"
"PY048","455","Fase 0","Dominio profundo del lenguaje Python","Python profundo: funciones","26","48","Empaquetado y desempaquetado con *args y **kwargs","Construir funciones flexibles sin perder legibilidad.","*args, **kwargs, unpacking en llamadas, diccionarios de opciones, forwarding","Crear una función que delegue argumentos a otras funciones.","Implementar un despachador de operaciones con validación de argumentos.","Laboratorio de dominio Python","Python, VS Code, biblioteca estándar","2,","3,","Alta","Pendiente"
"PY049","456","Fase 0","Dominio profundo del lenguaje Python","Python profundo: funciones","27","49","Closures y estado encapsulado","Crear funciones que recuerden datos sin utilizar clases ni variables globales.","closure, free variables, cell variables, nonlocal, fábrica de funciones","Crear acumuladores y validadores configurables mediante closures.","Construir una fábrica de funciones de precios con descuentos configurables.","Laboratorio de dominio Python","Python, VS Code, biblioteca estándar","2,","4,","Alta","Pendiente"
"PY050","457","Fase 0","Dominio profundo del lenguaje Python","Python profundo: funciones","27","50","Lambda y funciones clave","Usar funciones anónimas solo donde mejoran la claridad.","lambda, key functions, sorted(), min(), max(), composición simple","Ordenar estructuras complejas por varios criterios.","Resolver ejercicios de ordenamiento y reemplazar lambdas confusas por funciones nombradas.","Laboratorio de dominio Python","Python, VS Code, biblioteca estándar","2,","3,","Alta","Pendiente"
"PY051","458","Fase 0","Dominio profundo del lenguaje Python","Python profundo: funciones","27","51","Recursividad y diseño de casos base","Resolver problemas recursivos y reconocer cuándo conviene una solución iterativa.","caso base, llamada recursiva, stack overflow, árbol de llamadas, memoización conceptual","Implementar factorial, búsqueda y recorrido de estructuras anidadas.","Comparar versiones recursiva e iterativa y medir sus límites.","Laboratorio de dominio Python","Python, VS Code, biblioteca estándar","2,","4,","Alta","Pendiente"
"PY052","459","Fase 0","Dominio profundo del lenguaje Python","Python profundo: funciones","27","52","Programación funcional con map, filter y reduce","Transformar datos mediante funciones puras y evaluar sus tradeoffs.","función pura, map(), filter(), functools.reduce(), composición, efectos secundarios","Procesar una colección mediante comprensiones y herramientas funcionales.","Resolver el mismo problema de tres formas y justificar la más legible.","Laboratorio de dominio Python","Python, VS Code, biblioteca estándar","2,","3,","Alta","Pendiente"
"PY053","460","Fase 0","Dominio profundo del lenguaje Python","Python profundo: funciones","28","53","Decoradores avanzados y preservación de metadatos","Construir decoradores robustos para funciones con cualquier firma.","decorador, wrapper, functools.wraps, *args, **kwargs, stacking, metadatos","Crear decoradores de registro, validación y medición de tiempo.","Combinar tres decoradores y verificar el orden de aplicación.","Laboratorio de dominio Python","Python, VS Code, biblioteca estándar","2,","4,","Alta","Pendiente"
"PY054","461","Fase 0","Dominio profundo del lenguaje Python","Python profundo: funciones","28","54","functools: partial, singledispatch y caché","Aplicar utilidades estándar para especialización, despacho y memoización.","partial, singledispatch, lru_cache, cache, wraps, total_ordering","Crear funciones parcialmente aplicadas y despacho por tipo.","Optimizar una función costosa con caché y demostrar el cambio mediante mediciones.","Laboratorio de dominio Python","Python, VS Code, biblioteca estándar","2,","4,","Alta","Pendiente"
"PY055","462","Fase 0","Dominio profundo del lenguaje Python","Python profundo: programación orientada a objetos","28","55","Namespaces de clase e instancia","Comprender dónde viven los atributos y cómo Python resuelve su acceso.","__dict__, namespace, atributo de clase, atributo de instancia, lookup","Inspeccionar y modificar namespaces de objetos y clases.","Construir experimentos que demuestren shadowing de atributos.","Laboratorio de dominio Python","Python, VS Code, biblioteca estándar","2,","3,","Alta","Pendiente"
"PY056","463","Fase 0","Dominio profundo del lenguaje Python","Python profundo: programación orientada a objetos","28","56","Métodos, binding y descriptores de función","Entender cómo una función se convierte en método enlazado.","function descriptor, bound method, self, __get__, method object","Comparar acceso a un método desde la clase y desde una instancia.","Implementar una demostración del binding y explicar cada objeto involucrado.","Laboratorio de dominio Python","Python, VS Code, biblioteca estándar","2,","4,","Alta","Pendiente"
"PY057","464","Fase 0","Dominio profundo del lenguaje Python","Python profundo: programación orientada a objetos","29","57","Herencia, MRO y uso cooperativo de super","Dominar la resolución de métodos en jerarquías simples y múltiples.","herencia, MRO, C3 linearization, super(), herencia múltiple, diamond problem","Predecir el MRO de varias jerarquías y verificarlo con __mro__.","Construir una jerarquía cooperativa que inicialice correctamente todas las clases.","Laboratorio de dominio Python","Python, VS Code, biblioteca estándar","2,","4,","Alta","Pendiente"
"PY058","465","Fase 0","Dominio profundo del lenguaje Python","Python profundo: programación orientada a objetos","29","58","Composición, agregación y delegación","Diseñar objetos colaborativos sin abusar de la herencia.","composición, agregación, delegación, has-a, acoplamiento, responsabilidad","Refactorizar una jerarquía rígida usando composición.","Diseñar un sistema de pedidos compuesto por objetos pequeños y reemplazables.","Laboratorio de dominio Python","Python, VS Code, biblioteca estándar","2,","4,","Alta","Pendiente"
"PY059","466","Fase 0","Dominio profundo del lenguaje Python","Python profundo: programación orientada a objetos","29","59","Propiedades, encapsulación y validación","Controlar acceso y modificación de atributos mediante una interfaz estable.","@property, setter, deleter, invariantes, atributos protegidos, name mangling","Crear propiedades validadas para precio, cantidad y estado.","Implementar una clase con invariantes y pruebas para valores inválidos.","Laboratorio de dominio Python","Python, VS Code, biblioteca estándar","2,","3,","Alta","Pendiente"
"PY060","467","Fase 0","Dominio profundo del lenguaje Python","Python profundo: programación orientada a objetos","29","60","Métodos especiales de representación y conversión","Integrar objetos propios con las representaciones estándar de Python.","__repr__, __str__, __format__, __bytes__, conversiones","Implementar representaciones claras para depuración y presentación.","Crear una clase monetaria con repr reproducible y formatos personalizados.","Laboratorio de dominio Python","Python, VS Code, biblioteca estándar","2,","4,","Alta","Pendiente"
"PY061","468","Fase 0","Dominio profundo del lenguaje Python","Python profundo: programación orientada a objetos","30","61","Igualdad, ordenamiento y hashing","Definir correctamente comparación e identidad lógica de objetos.","__eq__, __ne__, __lt__, NotImplemented, hash(), __hash__, inmutabilidad","Crear objetos comparables y utilizables como claves de diccionario.","Implementar una entidad inmutable con igualdad y hash consistentes.","Laboratorio de dominio Python","Python, VS Code, biblioteca estándar","2,","4,","Alta","Pendiente"
"PY062","469","Fase 0","Dominio profundo del lenguaje Python","Python profundo: programación orientada a objetos","30","62","Sobrecarga de operadores","Definir operaciones naturales para tipos personalizados respetando protocolos.","__add__, __sub__, __mul__, reflected operators, in-place operators, coerción","Crear operaciones entre objetos de una clase de vectores.","Implementar y probar una clase Vector con operadores y validación de tipos.","Laboratorio de dominio Python","Python, VS Code, biblioteca estándar","2,","4,","Alta","Pendiente"
"PY063","470","Fase 0","Dominio profundo del lenguaje Python","Python profundo: programación orientada a objetos","30","63","classmethod, staticmethod y constructores alternativos","Elegir correctamente entre métodos de instancia, clase y estáticos.","@classmethod, @staticmethod, factory methods, cls, constructores alternativos","Crear objetos desde texto, diccionarios y tuplas.","Diseñar tres constructores alternativos y justificar su tipo de método.","Laboratorio de dominio Python","Python, VS Code, biblioteca estándar","2,","3,","Alta","Pendiente"
"PY064","471","Fase 0","Dominio profundo del lenguaje Python","Python profundo: programación orientada a objetos","30","64","ABC, Protocol y diseño por contratos","Definir interfaces explícitas y trabajar con polimorfismo estructural.","abc.ABC, abstractmethod, typing.Protocol, duck typing, contrato, polimorfismo","Crear dos implementaciones intercambiables de un mismo contrato.","Diseñar una arquitectura pequeña basada en interfaces y pruebas de sustitución.","Laboratorio de dominio Python","Python, VS Code, biblioteca estándar","2,","4,","Alta","Pendiente"
"PY065","472","Fase 0","Dominio profundo del lenguaje Python","Python profundo: protocolos y metaprogramación","31","65","Protocolo iterador desde cero","Implementar objetos iterables e iteradores conforme al modelo de Python.","__iter__, __next__, StopIteration, iterable, iterator, iter()","Construir un iterador que recorra un rango configurable.","Crear tres iteradores propios y probarlos con for, list() y sum().","Laboratorio de dominio Python","Python, VS Code, biblioteca estándar","2,","4,","Alta","Pendiente"
"PY066","473","Fase 0","Dominio profundo del lenguaje Python","Python profundo: protocolos y metaprogramación","31","66","Generadores avanzados: send, throw, close y yield from","Controlar generadores bidireccionales y delegar iteración.","yield, send(), throw(), close(), GeneratorExit, yield from, subgeneradores","Crear un generador que reciba datos mediante send().","Construir un pipeline de generadores y manejar su cierre correctamente.","Laboratorio de dominio Python","Python, VS Code, biblioteca estándar","2,","4,","Alta","Pendiente"
"PY067","474","Fase 0","Dominio profundo del lenguaje Python","Python profundo: protocolos y metaprogramación","31","67","Context managers personalizados","Administrar recursos y estados con entrada y salida garantizadas.","__enter__, __exit__, contextlib.contextmanager, ExitStack, supresión de excepciones","Crear un context manager para medir tiempo y registrar errores.","Implementar gestores anidados y probar su comportamiento ante excepciones.","Laboratorio de dominio Python","Python, VS Code, biblioteca estándar","2,","4,","Alta","Pendiente"
"PY068","475","Fase 0","Dominio profundo del lenguaje Python","Python profundo: protocolos y metaprogramación","31","68","Descriptores de datos y no datos","Comprender el mecanismo central detrás de propiedades, métodos y atributos gestionados.","__get__, __set__, __delete__, __set_name__, data descriptor, non-data descriptor","Crear un descriptor que valide números positivos.","Implementar descriptores reutilizables y observar su precedencia en el lookup.","Laboratorio de dominio Python","Python, VS Code, biblioteca estándar","2,","5,","Alta","Pendiente"
"PY069","476","Fase 0","Dominio profundo del lenguaje Python","Python profundo: protocolos y metaprogramación","32","69","Control de atributos con __getattr__ y __getattribute__","Interceptar acceso, asignación y eliminación de atributos sin producir recursión infinita.","__getattribute__, __getattr__, __setattr__, __delattr__, object.__getattribute__","Registrar accesos a atributos y crear valores calculados dinámicamente.","Construir un proxy seguro que delegue atributos a otro objeto.","Laboratorio de dominio Python","Python, VS Code, biblioteca estándar","2,","5,","Alta","Pendiente"
"PY070","477","Fase 0","Dominio profundo del lenguaje Python","Python profundo: protocolos y metaprogramación","32","70","Decoradores de clase y transformación de clases","Modificar clases de manera explícita durante su definición.","class decorator, setattr, wrapping de métodos, registro de clases","Crear un decorador que registre automáticamente subtipos.","Implementar un decorador de clase que añada validación y representación.","Laboratorio de dominio Python","Python, VS Code, biblioteca estándar","2,","4,","Alta","Pendiente"
"PY071","478","Fase 0","Dominio profundo del lenguaje Python","Python profundo: protocolos y metaprogramación","32","71","Metaclases y creación dinámica de tipos","Comprender cómo se crean las clases y cuándo una metaclase es justificable.","type, metaclass, __new__, __init__, __prepare__, creación dinámica de clases","Crear una clase con type() e inspeccionar el proceso de construcción.","Implementar una metaclase de registro y comparar con alternativas más simples.","Laboratorio de dominio Python","Python, VS Code, biblioteca estándar","2,","5,","Alta","Pendiente"
"PY072","479","Fase 0","Dominio profundo del lenguaje Python","Python profundo: protocolos y metaprogramación","32","72","Introspección y reflexión","Inspeccionar objetos y adaptar comportamiento en tiempo de ejecución.","dir(), vars(), getattr(), setattr(), hasattr(), inspect, signature, annotations","Construir una herramienta que documente automáticamente funciones y clases.","Crear un inspector que muestre firma, documentación, atributos y jerarquía.","Laboratorio de dominio Python","Python, VS Code, biblioteca estándar","2,","4,","Alta","Pendiente"
"PY073","480","Fase 0","Dominio profundo del lenguaje Python","Python profundo: calidad, módulos y tipado","33","73","Jerarquía de excepciones y excepciones personalizadas","Diseñar manejo de errores preciso y semántico.","BaseException, Exception, jerarquía, except específico, excepción personalizada, args","Crear una jerarquía de errores de dominio y capturarlos selectivamente.","Refactorizar un programa para eliminar except genéricos y documentar cada error.","Laboratorio de dominio Python","Python, VS Code, biblioteca estándar","2,","4,","Alta","Pendiente"
"PY074","481","Fase 0","Dominio profundo del lenguaje Python","Python profundo: calidad, módulos y tipado","33","74","Encadenamiento de excepciones y grupos","Conservar contexto de fallos y manejar varios errores relacionados.","raise from, __cause__, __context__, traceback, ExceptionGroup, except*","Transformar errores de bajo nivel en errores de dominio manteniendo la causa.","Crear un validador por lotes que agrupe y reporte múltiples fallos.","Laboratorio de dominio Python","Python, VS Code, biblioteca estándar","2,","4,","Alta","Pendiente"
"PY075","482","Fase 0","Dominio profundo del lenguaje Python","Python profundo: calidad, módulos y tipado","33","75","Sistema de importación y ejecución de módulos","Comprender cómo Python localiza, carga y almacena módulos.","import, sys.modules, sys.path, importlib, caché, __name__, __main__","Inspeccionar módulos cargados y ejecutar un archivo como script y como módulo.","Crear un laboratorio que demuestre caché, recarga y efectos secundarios de importación.","Laboratorio de dominio Python","Python, VS Code, biblioteca estándar","2,","4,","Alta","Pendiente"
"PY076","483","Fase 0","Dominio profundo del lenguaje Python","Python profundo: calidad, módulos y tipado","33","76","Paquetes, imports relativos y API pública","Organizar bibliotecas Python con límites claros entre módulos.","packages, __init__.py, relative import, absolute import, __all__, public API","Dividir un programa en un paquete con submódulos y API pública.","Entregar un paquete instalable localmente con imports correctos y sin ciclos.","Laboratorio de dominio Python","Python, VS Code, biblioteca estándar","2,","5,","Alta","Pendiente"
"PY077","484","Fase 0","Dominio profundo del lenguaje Python","Python profundo: calidad, módulos y tipado","34","77","Tipado avanzado con genéricos","Expresar relaciones entre tipos sin perder reutilización.","TypeVar, Generic, ParamSpec, Callable, overload, Literal, TypedDict, Self","Tipar una función que conserva el tipo de entrada y una estructura TypedDict.","Crear una colección genérica y validar su diseño con un comprobador estático.","Laboratorio de dominio Python","Python, VS Code, biblioteca estándar","2,","5,","Alta","Pendiente"
"PY078","485","Fase 0","Dominio profundo del lenguaje Python","Python profundo: calidad, módulos y tipado","34","78","Pruebas profundas con unittest y mocks","Diseñar pruebas aisladas de comportamiento, errores y colaboraciones.","unittest, TestCase, setUp, subTest, mock, patch, side_effect, cobertura conceptual","Probar una clase con dependencias sustituidas mediante mocks.","Crear una suite de al menos 20 pruebas con casos normales, límites y errores.","Laboratorio de dominio Python","Python, VS Code, biblioteca estándar","2,","5,","Alta","Pendiente"
"PY079","486","Fase 0","Dominio profundo del lenguaje Python","Python profundo: ejecución, concurrencia e internals","34","79","Memoria, referencias y recolector de basura","Comprender el ciclo de vida de los objetos en CPython.","reference counting, garbage collector, ciclos, gc, weakref, __del__, internamiento","Observar conteos de referencias y crear ciclos controlados.","Construir experimentos que midan creación, liberación y referencias débiles.","Laboratorio de dominio Python","Python, VS Code, biblioteca estándar","2,","5,","Alta","Pendiente"
"PY080","487","Fase 0","Dominio profundo del lenguaje Python","Python profundo: ejecución, concurrencia e internals","34","80","GIL, threads y sincronización","Entender las posibilidades y límites de los hilos en CPython.","GIL, threading, race condition, Lock, RLock, Semaphore, Event, Queue","Reproducir una condición de carrera y corregirla con sincronización.","Crear un programa multihilo seguro y explicar cuándo no mejora el rendimiento.","Laboratorio de dominio Python","Python, VS Code, biblioteca estándar","2,","5,","Alta","Pendiente"
"PY081","488","Fase 0","Dominio profundo del lenguaje Python","Python profundo: ejecución, concurrencia e internals","35","81","Procesos y concurrent.futures","Ejecutar trabajo paralelo y coordinar resultados entre procesos.","multiprocessing, ProcessPoolExecutor, ThreadPoolExecutor, Future, IPC, pickling","Comparar ejecución secuencial, con hilos y con procesos.","Crear un benchmark reproducible para una tarea intensiva de CPU.","Laboratorio de dominio Python","Python, VS Code, biblioteca estándar","2,","5,","Alta","Pendiente"
"PY082","489","Fase 0","Dominio profundo del lenguaje Python","Python profundo: ejecución, concurrencia e internals","35","82","Event loop, tareas y cancelación en asyncio","Dominar el modelo asíncrono de Python más allá de async y await.","event loop, coroutine, Task, Future, gather, TaskGroup, cancellation, timeout, shield","Crear tareas concurrentes, cancelar una y manejar la limpieza.","Construir un simulador asíncrono con límites, timeouts y propagación de errores.","Laboratorio de dominio Python","Python, VS Code, biblioteca estándar","2,","5,","Alta","Pendiente"
"PY083","490","Fase 0","Dominio profundo del lenguaje Python","Python profundo: ejecución, concurrencia e internals","35","83","Proyecto final: biblioteca Python pura y análisis de ejecución","Integrar el modelo de datos, funciones, objetos, protocolos, tipado, pruebas e internals.","diseño de biblioteca, API pública, dunder methods, typing, tests, profiling, dis, documentación","Diseñar una biblioteca pequeña y analizar una función con dis y perfiles de tiempo.","Entregar una biblioteca sin frameworks, con paquete, tipado, 30 pruebas, documentación, benchmark y explicación técnica.","Laboratorio de dominio Python","Python, VS Code, biblioteca estándar","2,","6,","Alta","Pendiente"
"L052","491","Fase 1","Frontend React con IA","Nivel 1: Fundamentos de UI y Pensamiento en Componentes","16","1","La Web Moderna y el DOM Virtual","Entender qué problema resuelve React y cómo funciona el DOM virtual.","DOM, virtual DOM, SPA, componentes","Crear explicación en tus palabras y comparar HTML normal vs React.","Nota de estudio + ejemplo mínimo.","Dashboard React","React, navegador","2,","2,","Alta","Pendiente"
"L053","492","Fase 1","Frontend React con IA","Nivel 1: Fundamentos de UI y Pensamiento en Componentes","16","2","CSS Moderno con Tailwind","Usar clases utilitarias para construir interfaces rápidas.","Tailwind, utility classes, responsive, layout","Diseñar una tarjeta de servicio con Tailwind.","Componente visual de tarjeta.","Dashboard React","Tailwind CSS","2,","2,","Alta","Pendiente"
"L054","493","Fase 1","Frontend React con IA","Nivel 1: Fundamentos de UI y Pensamiento en Componentes","16","3","Javascript Moderno para React","Dominar sintaxis moderna necesaria para React.","arrow functions, destructuring, spread, modules, promises","Convertir funciones clásicas a JS moderno.","Archivo de ejemplos JS moderno.","Dashboard React","JavaScript","2,","2,","Alta","Pendiente"
"L055","494","Fase 1","Frontend React con IA","Nivel 1: Fundamentos de UI y Pensamiento en Componentes","17","4","Componentes y Props","Crear componentes reutilizables y enviar datos por props.","component, props, JSX, children","Crear CardServicio con props.","3 cards reutilizando el mismo componente.","Dashboard React","React","2,","2,","Alta","Pendiente"
"L056","495","Fase 1","Frontend React con IA","Nivel 1: Fundamentos de UI y Pensamiento en Componentes","17","5","Renderizado Condicional y Listas","Mostrar información según condiciones y recorrer arreglos.","map, key, conditional rendering, ternary","Renderizar lista de servicios y estado activo/inactivo.","Lista dinámica de servicios.","Dashboard React","React","2,","2,","Alta","Pendiente"
"L057","496","Fase 1","Frontend React con IA","Nivel 1: Fundamentos de UI y Pensamiento en Componentes","17","6","Eventos e Interactividad","Responder a acciones del usuario.","onClick, onChange, handlers, forms","Crear botón para seleccionar un servicio.","Interacción con feedback visual.","Dashboard React","React","2,","2,","Alta","Pendiente"
"L058","497","Fase 1","Frontend React con IA","Nivel 1: Fundamentos de UI y Pensamiento en Componentes","18","7","El Estado (useState) - Parte 1","Manejar estado local básico.","useState, estado, setState","Crear contador o selector de plan.","Componente con estado funcional.","Dashboard React","React","2,","2,","Alta","Pendiente"
"L059","498","Fase 1","Frontend React con IA","Nivel 1: Fundamentos de UI y Pensamiento en Componentes","18","8","Evaluación Práctica Nivel 1","Demostrar dominio básico de componentes, props, listas y estado.","React básico, Tailwind, componentes","Construir mini catálogo de servicios.","Entrega del mini catálogo en GitHub.","Mini catálogo React","React, Tailwind","2,","2,","Alta","Pendiente"
"L060","499","Fase 1","Frontend React con IA","Nivel 2: Arquitectura, Integración y Production Ready","18","1","El Estado (useState) - Parte 2","Manejar estado compuesto y formularios simples.","objects in state, arrays in state, controlled inputs","Formulario para crear un servicio nuevo.","Agregar servicios a una lista desde formulario.","Dashboard React","React","2,","2,","Alta","Pendiente"
"L061","500","Fase 1","Frontend React con IA","Nivel 2: Arquitectura, Integración y Production Ready","19","2","Efectos y Ciclo de Vida (useEffect)","Ejecutar acciones cuando cambia el estado o carga la página.","useEffect, dependencies, side effects","Simular carga inicial de datos.","Vista que carga datos al iniciar.","Dashboard React","React","2,","2,","Alta","Pendiente"
"L062","501","Fase 1","Frontend React con IA","Nivel 2: Arquitectura, Integración y Production Ready","19","3","Consumo de APIs (Fetch & Async/Await)","Traer datos desde servicios externos o backend.","fetch, async/await, loading, error","Consumir una API pública o JSON local.","Tabla con datos externos.","Dashboard React","React, API","2,","2,","Alta","Pendiente"
"L063","502","Fase 1","Frontend React con IA","Nivel 2: Arquitectura, Integración y Production Ready","19","4","Generative UI & Librerías de Componentes","Construir interfaces más rápido con componentes prehechos o generados.","component libraries, shadcn, v0, design systems","Crear interfaz de dashboard con componentes reutilizables.","Pantalla de dashboard mejorada.","Dashboard React","shadcn/ui, v0","2,","2,","Alta","Pendiente"
"L064","503","Fase 1","Frontend React con IA","Nivel 2: Arquitectura, Integración y Production Ready","20","5","Enrutamiento (Routing)","Crear varias páginas o vistas dentro de la app.","routes, router, navigation","Crear rutas Inicio, Servicios, Clientes.","App multipágina.","Dashboard React","React Router","2,","2,","Alta","Pendiente"
"L065","504","Fase 1","Frontend React con IA","Nivel 2: Arquitectura, Integración y Production Ready","20","6","Gestión de Estado Global","Compartir datos entre componentes lejanos.","Context API, global state, provider","Crear contexto de usuario o servicios.","Estado global funcionando.","Dashboard React","React Context","2,","2,","Alta","Pendiente"
"L066","505","Fase 1","Frontend React con IA","Nivel 2: Arquitectura, Integración y Production Ready","20","7","Optimización y Buenas Prácticas","Organizar el proyecto y evitar errores comunes.","folder structure, reusable components, clean code","Refactorizar componentes repetidos.","Proyecto ordenado y documentado.","Dashboard React","React","2,","2,","Alta","Pendiente"
"L067","506","Fase 1","Frontend React con IA","Nivel 2: Arquitectura, Integración y Production Ready","21","8","Capstone Project & Deploy","Publicar una app React funcional.","build, deploy, environment, README","Deploy en Vercel/Netlify.","URL pública + repositorio.","Dashboard React publicado","Vercel, Netlify","2,","2,","Alta","Pendiente"
"L068","507","Fase 2","Puente Next.js","Base Next.js antes del MVP","21","1","Introducción a Next.js","Entender diferencias entre React y Next.js.","Next.js, App Router, server/client components","Crear app Next.js nueva.","Proyecto Next.js inicial.","Dashboard Next.js","Next.js","2,","2,","Alta","Pendiente"
"L069","508","Fase 2","Puente Next.js","Base Next.js antes del MVP","21","2","Rutas, layouts y páginas","Organizar una aplicación multipágina con App Router.","app directory, layout, page, nested routes","Crear páginas dashboard, clientes y ajustes.","Navegación completa.","Dashboard Next.js","Next.js","2,","2,","Alta","Pendiente"
"L070","509","Fase 2","Puente Next.js","Base Next.js antes del MVP","22","3","Server Components y Client Components","Distinguir qué corre en servidor y qué corre en cliente.","use client, server component, hydration","Convertir componentes según necesidad.","Explicación + ejemplos.","Dashboard Next.js","Next.js","2,","2,","Alta","Pendiente"
"L071","510","Fase 2","Puente Next.js","Base Next.js antes del MVP","22","4","Formularios y Server Actions","Enviar datos desde formularios sin crear una API manual para todo.","server actions, form action, validation","Crear formulario de clientes.","Guardar datos simulados.","Dashboard Next.js","Next.js","2,","2,","Alta","Pendiente"
"L072","511","Fase 2","Puente Next.js","Base Next.js antes del MVP","22","5","Autenticación básica","Comprender login, sesión y protección de rutas.","auth, session, protected routes","Crear flujo de login simulado.","Rutas protegidas.","Dashboard Next.js","Next.js","2,","2,","Alta","Pendiente"
"L073","512","Fase 2","Puente Next.js","Base Next.js antes del MVP","23","6","Conexión a datos","Conectar una app con base de datos o servicio externo.","database, queries, env vars","Leer datos desde archivo o servicio.","Vista con datos persistentes.","Dashboard Next.js","Next.js","2,","2,","Alta","Pendiente"
"L074","513","Fase 2","Puente Next.js","Base Next.js antes del MVP","23","7","Deploy en Vercel","Publicar una app Next.js.","deployment, environment variables, build","Subir proyecto a Vercel.","URL pública.","Dashboard Next.js publicado","Vercel","2,","2,","Alta","Pendiente"
"L075","514","Fase 2","Puente Next.js","Base Next.js antes del MVP","23","8","Evaluación Puente Next.js","Unir React, rutas, formularios y deploy.","Next.js básico integral","Crear dashboard básico publicado.","Repo + URL + README.","Dashboard Next.js publicado","Next.js, Vercel","2,","2,","Alta","Pendiente"
"SQL006","515","Fase 2","CS50 SQL — Bases de datos relacionales","SQL antes de ORM y backend","43","6","Week 5 — Optimizing","Mejorar el rendimiento y la seguridad operativa de una base de datos.","CREATE INDEX, EXPLAIN QUERY PLAN, B-tree, VACUUM, transacciones, ACID, locks, race conditions","Medir una consulta antes y después de un índice y probar COMMIT, ROLLBACK y concurrencia.","Problem Set 5 y breve justificación de índices y transacciones.","CS50 SQL Final — AI Career Study Tracker Database","SQL, SQLite, EXPLAIN QUERY PLAN","2,","3,","Alta","Pendiente"
"SQL007","516","Fase 2","CS50 SQL — Bases de datos relacionales","SQL antes de ORM y backend","44","7","Week 6 — Scaling y seguridad","Conocer PostgreSQL, MySQL, escalamiento y defensas contra ataques SQL.","MySQL, PostgreSQL, scaling, replication, read replicas, sharding, GRANT, REVOKE, SQL injection, prepared statements","Comparar SQLite con PostgreSQL y corregir una consulta insegura usando parámetros.","Problem Set 6 y proyecto final con DESIGN.md, schema.sql, queries.sql, ERD y video de máximo 3 minutos.","CS50 SQL Final — AI Career Study Tracker Database","SQLite, PostgreSQL, MySQL, SQL","2,","4,","Alta","Pendiente"
"WEB007","517","Fase 2","CS50 Web — Aplicaciones web con Python y JavaScript","Curso oficial full stack","48","7","Week 6 — User Interfaces","Diseñar una experiencia usable, responsive y coherente en varias pantallas.","UI patterns, responsive, forms, pagination, accessibility, component thinking","Mejorar el dashboard del rastreador con navegación, filtros, estados y vista móvil.","Project 4 Network como práctica de UI y flujo de usuario.","CS50 Web Capstone — AI Career Study Tracker","Django templates, JavaScript, CSS","2,","3,","Alta","Pendiente"
"WEB009","518","Fase 2","CS50 Web — Aplicaciones web con Python y JavaScript","Curso oficial full stack","49","9","Week 8 — Escalabilidad, seguridad y capstone","Preparar una aplicación web segura, diferenciada y presentable.","scalability, caching, authorization, CSRF, XSS, SQL injection, deployment, mobile responsive","Auditar seguridad, documentar la arquitectura y preparar la demo final sin hacer un recorrido del código.","Capstone distintivo: Django + modelo + JavaScript + responsive + README de aproximadamente 1000–1500 palabras + screencast máximo de 5 minutos.","CS50 Web Capstone — AI Career Study Tracker","Django, JavaScript, PostgreSQL, deployment","2,","5,","Alta","Pendiente"
"L076","519","Fase 3","Backend FastAPI & Python","Nivel 1: Fundamentos de APIs y Bases de Datos","24","1","Introducción a HTTP y FastAPI","Crear una API mínima y entender HTTP.","HTTP, endpoint, GET, POST, FastAPI","Crear /health y /items.","API mínima funcionando.","Blog API","Python, FastAPI","2,","2,","Alta","Pendiente"
"L077","520","Fase 3","Backend FastAPI & Python","Nivel 1: Fundamentos de APIs y Bases de Datos","24","2","Validación de Datos con Pydantic","Validar entradas y salidas con modelos.","Pydantic, BaseModel, validation","Crear modelo Item/Cliente.","Endpoint validado.","Blog API","FastAPI, Pydantic","2,","2,","Alta","Pendiente"
"L078","521","Fase 3","Backend FastAPI & Python","Nivel 1: Fundamentos de APIs y Bases de Datos","24","3","Path Parameters y Query Parameters","Recibir datos desde la URL.","path params, query params, typing","Crear búsqueda por ID y filtros.","Endpoints con parámetros.","Blog API","FastAPI","2,","2,","Alta","Pendiente"
"L079","522","Fase 3","Backend FastAPI & Python","Nivel 1: Fundamentos de APIs y Bases de Datos","25","4","El Cuerpo de la Petición (Request Body)","Recibir JSON enviado por el frontend.","request body, JSON, POST, schemas","Crear endpoint para crear recurso.","POST funcional.","Blog API","FastAPI","2,","2,","Alta","Pendiente"
"L080","523","Fase 3","Backend FastAPI & Python","Nivel 1: Fundamentos de APIs y Bases de Datos","25","5","ORM con SQLModel/SQLAlchemy","Mapear modelos Python a tablas y usar un ORM sin perder la comprensión de SQL.","SQLModel/SQLAlchemy, model, field, session, select, CRUD, relationship","Convertir una tabla ya diseñada en un modelo ORM y ejecutar consultas básicas.","Modelo ORM funcional para el Blog/API Clientes, con sesión y CRUD.","Blog API","SQLModel/SQLAlchemy, SQLite","2,","2,","Alta","Pendiente"
"L081","524","Fase 3","Backend FastAPI & Python","Nivel 1: Fundamentos de APIs y Bases de Datos","25","6","Operaciones CRUD","Crear, leer, actualizar y eliminar datos.","CRUD, GET, POST, PUT/PATCH, DELETE","Crear CRUD completo.","CRUD funcionando.","Blog API","FastAPI, DB","2,","2,","Alta","Pendiente"
"L082","525","Fase 3","Backend FastAPI & Python","Nivel 1: Fundamentos de APIs y Bases de Datos","26","7","Manejo de Errores y Códigos de Estado","Responder correctamente ante errores.","HTTP status, exceptions, 404, 400","Agregar manejo de errores.","Errores controlados.","Blog API","FastAPI","2,","2,","Alta","Pendiente"
"L083","526","Fase 3","Backend FastAPI & Python","Nivel 1: Fundamentos de APIs y Bases de Datos","26","8","Evaluación Práctica Nivel 1 (Blog API)","Construir una API básica completa.","FastAPI, Pydantic, CRUD","Crear Blog API con CRUD.","Repo + pruebas manuales.","Blog API","FastAPI","2,","2,","Alta","Pendiente"
"L084","527","Fase 3","Backend FastAPI & Python","Nivel 2: Arquitectura, Seguridad y Producción","26","1","Estructura de Proyecto y APIRouter","Organizar una API profesional por módulos.","APIRouter, routers, services, schemas","Separar rutas y modelos.","Proyecto organizado.","API profesional","FastAPI","2,","2,","Alta","Pendiente"
"L085","528","Fase 3","Backend FastAPI & Python","Nivel 2: Arquitectura, Seguridad y Producción","27","2","Inyección de Dependencias","Reutilizar lógica y configuración.","Depends, dependency injection, session","Crear dependencia para DB/session.","Dependencia funcionando.","API profesional","FastAPI","2,","2,","Alta","Pendiente"
"L086","529","Fase 3","Backend FastAPI & Python","Nivel 2: Arquitectura, Seguridad y Producción","27","3","Relaciones en Base de Datos (Foreign Keys)","Conectar tablas relacionadas.","foreign key, relationship, one-to-many","Relacionar usuarios y posts/clientes y pedidos.","Relaciones funcionando.","API profesional","PostgreSQL, ORM","2,","2,","Alta","Pendiente"
"L087","530","Fase 3","Backend FastAPI & Python","Nivel 2: Arquitectura, Seguridad y Producción","27","4","Autenticación y Seguridad (JWT) - Parte 1","Entender tokens y login.","JWT, password hashing, login","Crear registro/login básico.","Endpoint de login.","API profesional","FastAPI, JWT","2,","2,","Alta","Pendiente"
"L088","531","Fase 3","Backend FastAPI & Python","Nivel 2: Arquitectura, Seguridad y Producción","28","5","Autenticación y Seguridad (JWT) - Parte 2","Proteger rutas con JWT.","authorization, bearer token, protected routes","Proteger CRUD por usuario.","Rutas seguras.","API profesional","FastAPI, JWT","2,","2,","Alta","Pendiente"
"L089","532","Fase 3","Backend FastAPI & Python","Nivel 2: Arquitectura, Seguridad y Producción","28","6","Bases de Datos Reales (PostgreSQL)","Usar una base real de producción.","PostgreSQL, connection string, migrations","Migrar de SQLite a PostgreSQL.","API conectada a PostgreSQL.","API profesional","PostgreSQL","2,","2,","Alta","Pendiente"
"L091","533","Fase 3","Backend FastAPI & Python","Nivel 2: Arquitectura, Seguridad y Producción","29","8","Capstone Project & Cloud Deploy","Publicar API en la nube.","deploy, logs, env vars, docs","Desplegar API y probar endpoints.","URL pública + documentación.","API desplegada","Render/Railway/Fly.io","2,","2,","Alta","Pendiente"
"L092","534","Fase 4","n8n Avanzado + APIs","Integración profesional","29","1","Repaso de webhooks n8n","Conectar formularios y APIs con flujos n8n.","webhook, payload, response","Crear webhook que reciba JSON.","Webhook probado.","Automatización IA","n8n","2,","2,","Media","Pendiente"
"L093","535","Fase 4","n8n Avanzado + APIs","Integración profesional","29","2","Consumo de APIs desde n8n","Llamar servicios externos desde n8n.","HTTP Request, headers, body, auth","Llamar tu API FastAPI desde n8n.","Flujo conectado.","Automatización IA","n8n, FastAPI","2,","2,","Media","Pendiente"
"L094","536","Fase 4","n8n Avanzado + APIs","Integración profesional","30","3","Manejo de errores","Evitar que un flujo falle sin control.","error workflow, retries, IF, fallback","Crear ruta de error y alerta.","Flujo robusto.","Automatización IA","n8n","2,","2,","Media","Pendiente"
"L095","537","Fase 4","n8n Avanzado + APIs","Integración profesional","30","4","IA en n8n con datos estructurados","Usar IA con entradas y salidas controladas.","prompt, JSON, schema, parser","Generar respuesta JSON desde IA.","Salida validada.","Automatización IA","n8n, OpenAI","2,","2,","Media","Pendiente"
"L096","538","Fase 4","n8n Avanzado + APIs","Integración profesional","30","5","Integración WhatsApp / Email","Responder o notificar desde canales reales.","WhatsApp, Gmail, SMTP, template","Enviar resumen automático.","Mensaje generado.","Automatización IA","n8n","2,","2,","Media","Pendiente"
"L097","539","Fase 4","n8n Avanzado + APIs","Integración profesional","31","6","Google Sheets como base simple","Usar hojas como base temporal.","Google Sheets node, append, lookup, update","Guardar clientes en Sheets.","Base funcionando.","Automatización IA","n8n, Google Sheets","2,","2,","Media","Pendiente"
"L098","540","Fase 4","n8n Avanzado + APIs","Integración profesional","31","7","Flujo con humano en el medio","Diseñar aprobación antes de acción final.","human-in-the-loop, approval, status","Crear flujo de aprobación.","Aprobación manual integrada.","Automatización IA","n8n","2,","2,","Media","Pendiente"
"L099","541","Fase 4","n8n Avanzado + APIs","Integración profesional","31","8","Mini capstone n8n avanzado","Construir flujo profesional conectado a app/API.","webhooks, API, IA, Sheets, error handling","Automatización completa: recibe, analiza, guarda y responde.","Demo funcional.","Automatización IA","n8n, FastAPI, IA","2,","2,","Media","Pendiente"
"L102","542","Fase 5","IA Aplicada: Chatbots & RAG","Nivel 1: Fundamentos de LLMs y Chatbots","32","3","Parámetros de Control y Determinismo","Controlar creatividad, longitud y consistencia.","temperature, max tokens, top_p, seed","Probar diferentes temperaturas.","Tabla comparativa de respuestas.","Asistente IA","OpenAI/Anthropic","2,","2,","Alta","Pendiente"
"L103","543","Fase 5","IA Aplicada: Chatbots & RAG","Nivel 1: Fundamentos de LLMs y Chatbots","33","4","Memoria Conversacional","Mantener contexto de una conversación.","chat history, memory, context window","Crear chatbot con historial en memoria.","Chatbot simple.","Asistente IA","Python","2,","2,","Alta","Pendiente"
"L104","544","Fase 5","IA Aplicada: Chatbots & RAG","Nivel 1: Fundamentos de LLMs y Chatbots","33","5","Salidas Estructuradas (JSON Mode)","Forzar respuestas usables por software.","JSON mode, schemas, parsing","Extraer datos de un texto en JSON.","Extractor JSON funcional.","Asistente IA","Python","2,","2,","Alta","Pendiente"
"L105","545","Fase 5","IA Aplicada: Chatbots & RAG","Nivel 1: Fundamentos de LLMs y Chatbots","33","6","Creación de Interfaces con Streamlit","Crear una interfaz rápida para apps de IA.","Streamlit, inputs, buttons, session state","Crear UI para chatbot.","App Streamlit local.","Asistente IA","Streamlit","2,","2,","Alta","Pendiente"
"L106","546","Fase 5","IA Aplicada: Chatbots & RAG","Nivel 1: Fundamentos de LLMs y Chatbots","34","7","Clasificación y Análisis de Sentimiento","Clasificar textos automáticamente.","classification, sentiment, labels, confidence","Clasificar comentarios positivos/negativos.","Clasificador de comentarios.","Asistente IA","Python, IA","2,","2,","Alta","Pendiente"
"L108","547","Fase 5","IA Aplicada: Chatbots & RAG","Nivel 2: RAG, Vectores y Contexto Real","34","1","Introducción a RAG (Retrieval-Augmented Generation)","Entender cómo responder con documentos propios.","RAG, retrieval, generation, context","Diagramar flujo RAG.","Resumen + diagrama.","Base de Conocimiento IA","Python","2,","2,","Alta","Pendiente"
"L109","548","Fase 5","IA Aplicada: Chatbots & RAG","Nivel 2: RAG, Vectores y Contexto Real","35","2","Embeddings (Vectores) explicados","Convertir texto en vectores para búsqueda semántica.","embedding, vector, similarity, chunk","Generar embeddings de textos simples.","Ejemplo con similitud.","Base de Conocimiento IA","Python","2,","2,","Alta","Pendiente"
"L110","549","Fase 5","IA Aplicada: Chatbots & RAG","Nivel 2: RAG, Vectores y Contexto Real","35","3","Bases de Datos Vectoriales (ChromaDB)","Guardar y consultar vectores.","ChromaDB, collection, persist, metadata","Crear colección con documentos.","Vector DB local.","Base de Conocimiento IA","ChromaDB","2,","2,","Alta","Pendiente"
"L111","550","Fase 5","IA Aplicada: Chatbots & RAG","Nivel 2: RAG, Vectores y Contexto Real","35","4","Búsqueda y Recuperación (Retrieval)","Buscar el contexto correcto antes de responder.","similarity search, top_k, metadata filter","Buscar fragmentos relevantes.","Retrieval funcionando.","Base de Conocimiento IA","ChromaDB","2,","2,","Alta","Pendiente"
"L112","551","Fase 5","IA Aplicada: Chatbots & RAG","Nivel 2: RAG, Vectores y Contexto Real","36","5","Chat with your PDF","Construir un chatbot que lea PDFs.","PDF loader, chunking, retrieval QA","Cargar PDF y responder preguntas.","Chatbot PDF.","Base de Conocimiento IA","Python, PDF","2,","2,","Alta","Pendiente"
"L113","552","Fase 5","IA Aplicada: Chatbots & RAG","Nivel 2: RAG, Vectores y Contexto Real","36","6","Agentes y Herramientas (Function Calling)","Permitir que la IA llame funciones.","function calling, tools, agent, schema","Crear función consultar_cliente y llamarla desde IA.","Tool calling funcional.","Base de Conocimiento IA","OpenAI/Anthropic","2,","2,","Alta","Pendiente"
"L114","553","Fase 5","IA Aplicada: Chatbots & RAG","Nivel 2: RAG, Vectores y Contexto Real","36","7","Optimización, Costos y Alucinaciones","Reducir errores y controlar costos.","prompt guardrails, caching, token usage, evals","Medir tokens y mejorar prompt.","Checklist de calidad.","Base de Conocimiento IA","Python","2,","2,","Alta","Pendiente"
"L115","554","Fase 5","IA Aplicada: Chatbots & RAG","Nivel 2: RAG, Vectores y Contexto Real","37","8","Capstone Project: Base de Conocimiento Inteligente","Crear una base de conocimiento usable.","RAG integral, UI, evaluation","App que responde desde documentos.","Demo + repo + documentación.","Base de Conocimiento IA","Python, ChromaDB, Streamlit","2,","2,","Alta","Pendiente"
"L116","555","Fase 6","Full Stack MVP con IA","Nivel 1: De la Servilleta al Prototipo Funcional","37","1","La Arquitectura del MVP y Setup","Definir producto, alcance mínimo y stack.","MVP, user stories, architecture, repo","Diseñar MVP de app IA.","Documento de alcance.","MVP SaaS IA","Next.js, Supabase","2,","2,","Alta","Pendiente"
"L117","556","Fase 6","Full Stack MVP con IA","Nivel 1: De la Servilleta al Prototipo Funcional","37","2","Diseño de Base de Datos con IA","Diseñar tablas necesarias con ayuda de IA.","entities, relationships, schema, Postgres","Crear esquema usuarios/proyectos/mensajes.","Diagrama + SQL inicial.","MVP SaaS IA","Supabase","2,","2,","Alta","Pendiente"
"L118","557","Fase 6","Full Stack MVP con IA","Nivel 1: De la Servilleta al Prototipo Funcional","38","3","UI Rápida con v0 y Shadcn","Crear interfaz profesional rápidamente.","v0, shadcn, components, Tailwind","Generar pantalla de dashboard.","UI base integrada.","MVP SaaS IA","v0, shadcn","2,","2,","Alta","Pendiente"
"L119","558","Fase 6","Full Stack MVP con IA","Nivel 1: De la Servilleta al Prototipo Funcional","38","4","Autenticación de Usuarios (Auth)","Permitir registro e inicio de sesión.","auth, session, protected route, user profile","Configurar login con Supabase.","Login funcional.","MVP SaaS IA","Supabase Auth","2,","2,","Alta","Pendiente"
"L120","559","Fase 6","Full Stack MVP con IA","Nivel 1: De la Servilleta al Prototipo Funcional","38","5","Conexión Frontend-Backend (Server Actions)","Crear acciones que escriben y leen datos.","server actions, mutations, DB writes","Guardar proyecto o solicitud.","Formulario conectado a DB.","MVP SaaS IA","Next.js","2,","2,","Alta","Pendiente"
"L121","560","Fase 6","Full Stack MVP con IA","Nivel 1: De la Servilleta al Prototipo Funcional","39","6","Formularios y Mutaciones de Datos","Manejar creación y edición de registros.","forms, validation, mutation, optimistic UI","Crear CRUD simple de proyectos.","CRUD en app.","MVP SaaS IA","Next.js, Supabase","2,","2,","Alta","Pendiente"
"L122","561","Fase 6","Full Stack MVP con IA","Nivel 1: De la Servilleta al Prototipo Funcional","39","7","Almacenamiento de Archivos (Storage)","Subir y gestionar archivos.","storage bucket, upload, public/private URLs","Subir PDF o imagen.","Archivo visible desde app.","MVP SaaS IA","Supabase Storage","2,","2,","Alta","Pendiente"
"L123","562","Fase 6","Full Stack MVP con IA","Nivel 1: De la Servilleta al Prototipo Funcional","39","8","Evaluación Práctica Nivel 1 (Esqueleto Funcional)","Tener un prototipo funcional con auth, datos y storage.","MVP skeleton, auth, DB, storage","Integrar pantalla principal.","Esqueleto funcional publicado.","MVP SaaS IA","Next.js, Supabase","2,","2,","Alta","Pendiente"
"L124","563","Fase 6","Full Stack MVP con IA","Nivel 2: Del Prototipo al Negocio (SaaS)","40","1","Integración de IA en tu Producto","Agregar una función de IA útil al MVP.","LLM API, prompt, JSON response","Crear generador/resumidor/clasificador dentro de la app.","Función IA operativa.","MVP SaaS IA","OpenAI/Anthropic","2,","2,","Alta","Pendiente"
"L125","564","Fase 6","Full Stack MVP con IA","Nivel 2: Del Prototipo al Negocio (SaaS)","40","2","Infraestructura de Pagos (Monetización)","Agregar pagos o planes.","Stripe, Checkout, webhook, subscription","Crear pago de prueba.","Checkout funcional.","MVP SaaS IA","Stripe","2,","2,","Alta","Pendiente"
"L126","565","Fase 6","Full Stack MVP con IA","Nivel 2: Del Prototipo al Negocio (SaaS)","40","3","Emails Transaccionales","Enviar correos automáticos.","transactional email, templates, resend/sendgrid","Enviar email al registrarse o comprar.","Email de prueba enviado.","MVP SaaS IA","Resend/SendGrid","2,","2,","Alta","Pendiente"
"L127","566","Fase 6","Full Stack MVP con IA","Nivel 2: Del Prototipo al Negocio (SaaS)","41","4","Refactorización y Seguridad Básica","Limpiar código y proteger datos.","RLS, env vars, validation, permissions","Revisar acceso por usuario.","Checklist de seguridad.","MVP SaaS IA","Supabase, Next.js","2,","2,","Alta","Pendiente"
"L128","567","Fase 6","Full Stack MVP con IA","Nivel 2: Del Prototipo al Negocio (SaaS)","41","5","SEO y Marketing Técnico","Preparar páginas visibles para búsqueda y conversión.","metadata, open graph, landing page, analytics","Crear landing del producto.","Landing con metadata.","MVP SaaS IA","Next.js","2,","2,","Alta","Pendiente"
"L129","568","Fase 6","Full Stack MVP con IA","Nivel 2: Del Prototipo al Negocio (SaaS)","41","6","Analítica y Feedback","Medir uso y recoger feedback.","analytics, events, feedback form","Crear evento de uso y formulario feedback.","Panel o registro de feedback.","MVP SaaS IA","Analytics","2,","2,","Alta","Pendiente"
"L130","569","Fase 6","Full Stack MVP con IA","Nivel 2: Del Prototipo al Negocio (SaaS)","42","7","Preparación para el Despliegue","Dejar variables, build y dominio listos.","env vars, build, deploy checklist","Revisar deploy final.","Checklist completo.","MVP SaaS IA","Vercel","2,","2,","Alta","Pendiente"
"L131","570","Fase 6","Full Stack MVP con IA","Nivel 2: Del Prototipo al Negocio (SaaS)","42","8","Capstone Project & Demo Day","Presentar el MVP como producto real.","demo, pitch, roadmap, README","Grabar demo y documentar.","Demo final + repo + URL.","MVP SaaS IA","Next.js, Supabase, Stripe","2,","2,","Alta","Pendiente"
"L132","571","Fase 7","DevOps & QA con IA","Nivel 1: Contenedores, Linux y Testing Automatizado","42","1","Cultura DevOps y Linux para la Nube","Entender entorno de servidores y cultura DevOps.","DevOps, Linux, shell, cloud","Usar comandos básicos en terminal.","Lista de comandos practicados.","Golden Pipeline","Linux, Terminal","2,","2,","Alta","Pendiente"
"L133","572","Fase 7","DevOps & QA con IA","Nivel 1: Contenedores, Linux y Testing Automatizado","43","2","Git Flow y Colaboración","Trabajar con ramas y flujo profesional.","branch, merge, pull request, git flow","Crear rama feature y PR.","PR creado en GitHub.","Golden Pipeline","Git, GitHub","2,","2,","Alta","Pendiente"
"L136","573","Fase 7","DevOps & QA con IA","Nivel 1: Contenedores, Linux y Testing Automatizado","44","5","Orquestación Local con Docker Compose","Levantar varios servicios juntos.","docker-compose, services, networks, volumes","FastAPI + PostgreSQL con Compose.","Compose funcionando.","Golden Pipeline","Docker Compose","2,","2,","Alta","Pendiente"
"L139","574","Fase 7","DevOps & QA con IA","Nivel 1: Contenedores, Linux y Testing Automatizado","45","8","Evaluación Práctica Nivel 1","Dockerizar y testear una app.","Docker, Compose, QA, tests","Docker + tests en proyecto.","Repo con instrucciones.","Golden Pipeline","Docker, Pytest/Jest","2,","2,","Alta","Pendiente"
"L140","575","Fase 7","DevOps & QA con IA","Nivel 2: CI/CD, Nube y Automatización","45","1","Introducción a la Nube (Cloud Computing)","Entender servicios cloud y despliegue.","cloud, compute, storage, regions, managed services","Comparar Vercel, Render, AWS.","Tabla comparativa.","Golden Pipeline","Cloud","2,","2,","Alta","Pendiente"
"L143","576","Fase 7","DevOps & QA con IA","Nivel 2: CI/CD, Nube y Automatización","46","4","Infraestructura en AWS (Básico)","Conocer servicios básicos de AWS.","EC2, S3, IAM, RDS, cost awareness","Mapa de arquitectura simple.","Diagrama AWS básico.","Golden Pipeline","AWS","2,","2,","Alta","Pendiente"
"L144","577","Fase 7","DevOps & QA con IA","Nivel 2: CI/CD, Nube y Automatización","46","5","QA de Integración y E2E","Probar flujos completos de usuario.","integration test, e2e, Playwright/Cypress","Crear test login o flujo principal.","E2E básico.","Golden Pipeline","Playwright/Cypress","2,","2,","Alta","Pendiente"
"L145","578","Fase 7","DevOps & QA con IA","Nivel 2: CI/CD, Nube y Automatización","47","6","Monitoreo y Logs","Detectar errores en producción.","logs, monitoring, metrics, alerts","Agregar logs y revisar errores.","Checklist monitoreo.","Golden Pipeline","Logs","2,","2,","Alta","Pendiente"
"L146","579","Fase 7","DevOps & QA con IA","Nivel 2: CI/CD, Nube y Automatización","47","7","DevSecOps (Seguridad Automatizada)","Agregar seguridad al pipeline.","secret scanning, dependency scan, linting","Configurar revisión de dependencias/secrets.","Escaneo básico.","Golden Pipeline","GitHub, Dependabot","2,","2,","Alta","Pendiente"
"L147","580","Fase 7","DevOps & QA con IA","Nivel 2: CI/CD, Nube y Automatización","47","8","Capstone Project: The Golden Pipeline","Dejar proyecto completo con CI/CD, tests y deploy.","CI/CD, Docker, QA, security, deploy","Pipeline completo del MVP.","Proyecto final productivo.","Golden Pipeline","Docker, GitHub Actions, Cloud","2,","2,","Alta","Pendiente"
